siteid,date,pub_hol,sch_hol,hr,nobs,state
51140,2012-07-31,NA,NA,5,8,WA
51140,2012-07-31,NA,NA,6,18,WA
51140,2012-07-31,NA,NA,7,17,WA
51140,2012-07-31,NA,NA,8,11,WA
51140,2012-07-31,NA,NA,9,5,WA
51140,2012-07-31,NA,NA,10,2,WA
51140,2012-07-31,NA,NA,11,2,WA
51140,2012-07-31,NA,NA,12,1,WA
51140,2012-07-31,NA,NA,13,1,WA
51140,2012-07-31,NA,NA,14,5,WA
51140,2012-07-31,NA,NA,15,6,WA
51140,2012-07-31,NA,NA,16,9,WA
51140,2012-07-31,NA,NA,17,22,WA
51140,2012-07-31,NA,NA,18,13,WA
51140,2012-07-31,NA,NA,19,6,WA
51140,2012-07-31,NA,NA,20,2,WA
51140,2012-07-31,NA,NA,21,1,WA
51140,2012-07-31,NA,NA,22,1,WA
51140,2012-08-01,NA,NA,0,1,WA
51140,2012-08-01,NA,NA,5,5,WA
51140,2012-08-01,NA,NA,6,20,WA
51140,2012-08-01,NA,NA,7,25,WA
51140,2012-08-01,NA,NA,8,39,WA
51140,2012-08-01,NA,NA,9,3,WA
51140,2012-08-01,NA,NA,10,3,WA
51140,2012-08-01,NA,NA,11,21,WA
51140,2012-08-01,NA,NA,12,5,WA
51140,2012-08-01,NA,NA,13,3,WA
51140,2012-08-01,NA,NA,14,2,WA
51140,2012-08-01,NA,NA,15,9,WA
51140,2012-08-01,NA,NA,16,15,WA
51140,2012-08-01,NA,NA,17,29,WA
51140,2012-08-01,NA,NA,18,25,WA
51140,2012-08-01,NA,NA,19,3,WA
51140,2012-08-01,NA,NA,20,4,WA
51140,2012-08-01,NA,NA,21,2,WA
51140,2012-08-01,NA,NA,22,3,WA
51140,2012-08-01,NA,NA,23,1,WA
51140,2012-08-02,NA,NA,5,7,WA
51140,2012-08-02,NA,NA,6,11,WA
51140,2012-08-02,NA,NA,7,30,WA
51140,2012-08-02,NA,NA,8,23,WA
51140,2012-08-02,NA,NA,9,5,WA
51140,2012-08-02,NA,NA,10,8,WA
51140,2012-08-02,NA,NA,11,6,WA
51140,2012-08-02,NA,NA,12,10,WA
51140,2012-08-02,NA,NA,13,5,WA
51140,2012-08-02,NA,NA,14,7,WA
51140,2012-08-02,NA,NA,15,8,WA
51140,2012-08-02,NA,NA,16,10,WA
51140,2012-08-02,NA,NA,17,31,WA
51140,2012-08-02,NA,NA,18,21,WA
51140,2012-08-02,NA,NA,19,7,WA
51140,2012-08-02,NA,NA,20,3,WA
51140,2012-08-02,NA,NA,21,2,WA
51140,2012-08-02,NA,NA,22,3,WA
51140,2012-08-03,NA,NA,5,6,WA
51140,2012-08-03,NA,NA,6,9,WA
51140,2012-08-03,NA,NA,7,31,WA
51140,2012-08-03,NA,NA,8,17,WA
51140,2012-08-03,NA,NA,9,3,WA
51140,2012-08-03,NA,NA,10,8,WA
51140,2012-08-03,NA,NA,11,8,WA
51140,2012-08-03,NA,NA,12,9,WA
51140,2012-08-03,NA,NA,13,16,WA
51140,2012-08-03,NA,NA,14,17,WA
51140,2012-08-03,NA,NA,15,10,WA
51140,2012-08-03,NA,NA,16,15,WA
51140,2012-08-03,NA,NA,17,25,WA
51140,2012-08-03,NA,NA,18,14,WA
51140,2012-08-03,NA,NA,19,2,WA
51140,2012-08-03,NA,NA,20,4,WA
51140,2012-08-03,NA,NA,21,1,WA
51140,2012-08-03,NA,NA,22,2,WA
51140,2012-08-04,NA,NA,5,2,WA
51140,2012-08-04,NA,NA,6,14,WA
51140,2012-08-04,NA,NA,7,39,WA
51140,2012-08-04,NA,NA,8,31,WA
51140,2012-08-04,NA,NA,9,19,WA
51140,2012-08-04,NA,NA,10,25,WA
51140,2012-08-04,NA,NA,11,21,WA
51140,2012-08-04,NA,NA,12,16,WA
51140,2012-08-04,NA,NA,13,29,WA
51140,2012-08-04,NA,NA,14,15,WA
51140,2012-08-04,NA,NA,15,9,WA
51140,2012-08-04,NA,NA,16,8,WA
51140,2012-08-04,NA,NA,17,4,WA
51140,2012-08-04,NA,NA,18,5,WA
51140,2012-08-04,NA,NA,19,3,WA
51140,2012-08-04,NA,NA,21,2,WA
51140,2012-08-05,NA,NA,0,1,WA
51140,2012-08-05,NA,NA,3,1,WA
51140,2012-08-05,NA,NA,5,1,WA
51140,2012-08-05,NA,NA,6,6,WA
51140,2012-08-05,NA,NA,7,9,WA
51140,2012-08-05,NA,NA,8,37,WA
51140,2012-08-05,NA,NA,9,41,WA
51140,2012-08-05,NA,NA,10,38,WA
51140,2012-08-05,NA,NA,11,28,WA
51140,2012-08-05,NA,NA,12,22,WA
51140,2012-08-05,NA,NA,13,21,WA
51140,2012-08-05,NA,NA,14,35,WA
51140,2012-08-05,NA,NA,15,17,WA
51140,2012-08-05,NA,NA,16,22,WA
51140,2012-08-05,NA,NA,17,14,WA
51140,2012-08-05,NA,NA,18,2,WA
51140,2012-08-05,NA,NA,19,2,WA
51140,2012-08-05,NA,NA,20,2,WA
51140,2012-08-05,NA,NA,21,2,WA
51140,2012-08-05,NA,NA,23,1,WA
51140,2012-08-06,NA,NA,4,1,WA
51140,2012-08-06,NA,NA,5,3,WA
51140,2012-08-06,NA,NA,6,16,WA
51140,2012-08-06,NA,NA,7,46,WA
51140,2012-08-06,NA,NA,8,21,WA
51140,2012-08-06,NA,NA,9,23,WA
51140,2012-08-06,NA,NA,10,9,WA
51140,2012-08-06,NA,NA,11,9,WA
51140,2012-08-06,NA,NA,12,5,WA
51140,2012-08-06,NA,NA,13,5,WA
51140,2012-08-06,NA,NA,14,4,WA
51140,2012-08-06,NA,NA,15,6,WA
51140,2012-08-06,NA,NA,16,9,WA
51140,2012-08-06,NA,NA,17,28,WA
51140,2012-08-06,NA,NA,18,22,WA
51140,2012-08-06,NA,NA,19,2,WA
51140,2012-08-06,NA,NA,20,3,WA
51140,2012-08-06,NA,NA,21,2,WA
51140,2012-08-06,NA,NA,23,1,WA
51140,2012-08-07,NA,NA,5,6,WA
51140,2012-08-07,NA,NA,6,10,WA
51140,2012-08-07,NA,NA,7,37,WA
51140,2012-08-07,NA,NA,8,16,WA
51140,2012-08-07,NA,NA,9,7,WA
51140,2012-08-07,NA,NA,10,5,WA
51140,2012-08-07,NA,NA,11,5,WA
51140,2012-08-07,NA,NA,12,8,WA
51140,2012-08-07,NA,NA,13,3,WA
51140,2012-08-07,NA,NA,14,5,WA
51140,2012-08-07,NA,NA,15,12,WA
51140,2012-08-07,NA,NA,16,9,WA
51140,2012-08-07,NA,NA,17,33,WA
51140,2012-08-07,NA,NA,18,24,WA
51140,2012-08-07,NA,NA,19,7,WA
51140,2012-08-07,NA,NA,20,2,WA
51140,2012-08-07,NA,NA,21,3,WA
51140,2012-08-08,NA,NA,0,1,WA
51140,2012-08-08,NA,NA,5,7,WA
51140,2012-08-08,NA,NA,6,23,WA
51140,2012-08-08,NA,NA,7,47,WA
51140,2012-08-08,NA,NA,8,23,WA
51140,2012-08-08,NA,NA,9,14,WA
51140,2012-08-08,NA,NA,10,26,WA
51140,2012-08-08,NA,NA,11,18,WA
51140,2012-08-08,NA,NA,12,10,WA
51140,2012-08-08,NA,NA,13,9,WA
51140,2012-08-08,NA,NA,14,11,WA
51140,2012-08-08,NA,NA,15,13,WA
51140,2012-08-08,NA,NA,16,23,WA
51140,2012-08-08,NA,NA,17,43,WA
51140,2012-08-08,NA,NA,18,35,WA
51140,2012-08-08,NA,NA,19,13,WA
51140,2012-08-08,NA,NA,20,3,WA
51140,2012-08-08,NA,NA,21,3,WA
51140,2012-08-08,NA,NA,22,2,WA
51140,2012-08-08,NA,NA,23,1,WA
51140,2012-08-09,NA,NA,4,1,WA
51140,2012-08-09,NA,NA,5,22,WA
51140,2012-08-09,NA,NA,6,24,WA
51140,2012-08-09,NA,NA,7,53,WA
51140,2012-08-09,NA,NA,8,38,WA
51140,2012-08-09,NA,NA,9,11,WA
51140,2012-08-09,NA,NA,10,12,WA
51140,2012-08-09,NA,NA,11,15,WA
51140,2012-08-09,NA,NA,12,10,WA
51140,2012-08-09,NA,NA,13,8,WA
51140,2012-08-09,NA,NA,14,13,WA
51140,2012-08-09,NA,NA,15,22,WA
51140,2012-08-09,NA,NA,16,21,WA
51140,2012-08-09,NA,NA,17,45,WA
51140,2012-08-09,NA,NA,18,28,WA
51140,2012-08-09,NA,NA,19,6,WA
51140,2012-08-09,NA,NA,20,3,WA
51140,2012-08-09,NA,NA,21,5,WA
51140,2012-08-09,NA,NA,22,1,WA
51140,2012-08-09,NA,NA,23,3,WA
51140,2012-08-10,NA,NA,4,1,WA
51140,2012-08-10,NA,NA,5,9,WA
51140,2012-08-10,NA,NA,6,10,WA
51140,2012-08-10,NA,NA,7,45,WA
51140,2012-08-10,NA,NA,8,35,WA
51140,2012-08-10,NA,NA,9,13,WA
51140,2012-08-10,NA,NA,10,15,WA
51140,2012-08-10,NA,NA,11,15,WA
51140,2012-08-10,NA,NA,12,18,WA
51140,2012-08-10,NA,NA,13,11,WA
51140,2012-08-10,NA,NA,14,10,WA
51140,2012-08-10,NA,NA,15,21,WA
51140,2012-08-10,NA,NA,16,27,WA
51140,2012-08-10,NA,NA,17,23,WA
51140,2012-08-10,NA,NA,18,23,WA
51140,2012-08-10,NA,NA,19,6,WA
51140,2012-08-10,NA,NA,20,3,WA
51140,2012-08-10,NA,NA,21,3,WA
51140,2012-08-10,NA,NA,22,2,WA
51140,2012-08-11,NA,NA,1,2,WA
51140,2012-08-11,NA,NA,5,19,WA
51140,2012-08-11,NA,NA,6,20,WA
51140,2012-08-11,NA,NA,7,22,WA
51140,2012-08-11,NA,NA,8,30,WA
51140,2012-08-11,NA,NA,9,45,WA
51140,2012-08-11,NA,NA,10,45,WA
51140,2012-08-11,NA,NA,11,35,WA
51140,2012-08-11,NA,NA,12,28,WA
51140,2012-08-11,NA,NA,13,36,WA
51140,2012-08-11,NA,NA,14,21,WA
51140,2012-08-11,NA,NA,15,38,WA
51140,2012-08-11,NA,NA,16,26,WA
51140,2012-08-11,NA,NA,17,11,WA
51140,2012-08-11,NA,NA,18,3,WA
51140,2012-08-11,NA,NA,19,4,WA
51140,2012-08-11,NA,NA,21,3,WA
51140,2012-08-11,NA,NA,22,1,WA
51140,2012-08-11,NA,NA,23,2,WA
51140,2012-08-12,NA,NA,1,2,WA
51140,2012-08-12,NA,NA,5,4,WA
51140,2012-08-12,NA,NA,6,7,WA
51140,2012-08-12,NA,NA,7,3,WA
51140,2012-08-12,NA,NA,8,26,WA
51140,2012-08-12,NA,NA,9,14,WA
51140,2012-08-12,NA,NA,10,14,WA
51140,2012-08-12,NA,NA,11,3,WA
51140,2012-08-12,NA,NA,12,3,WA
51140,2012-08-12,NA,NA,13,1,WA
51140,2012-08-12,NA,NA,14,1,WA
51140,2012-08-12,NA,NA,15,6,WA
51140,2012-08-12,NA,NA,16,2,WA
51140,2012-08-12,NA,NA,17,2,WA
51140,2012-08-12,NA,NA,18,3,WA
51140,2012-08-12,NA,NA,20,1,WA
51140,2012-08-12,NA,NA,21,1,WA
51140,2012-08-13,NA,NA,4,1,WA
51140,2012-08-13,NA,NA,5,3,WA
51140,2012-08-13,NA,NA,6,17,WA
51140,2012-08-13,NA,NA,7,40,WA
51140,2012-08-13,NA,NA,8,25,WA
51140,2012-08-13,NA,NA,9,21,WA
51140,2012-08-13,NA,NA,10,11,WA
51140,2012-08-13,NA,NA,11,11,WA
51140,2012-08-13,NA,NA,12,8,WA
51140,2012-08-13,NA,NA,13,13,WA
51140,2012-08-13,NA,NA,14,5,WA
51140,2012-08-13,NA,NA,15,16,WA
51140,2012-08-13,NA,NA,16,17,WA
51140,2012-08-13,NA,NA,17,37,WA
51140,2012-08-13,NA,NA,18,25,WA
51140,2012-08-13,NA,NA,19,9,WA
51140,2012-08-13,NA,NA,20,4,WA
51140,2012-08-13,NA,NA,21,3,WA
51140,2012-08-13,NA,NA,22,1,WA
51140,2012-08-13,NA,NA,23,1,WA
51140,2012-08-14,NA,NA,0,1,WA
51140,2012-08-14,NA,NA,4,1,WA
51140,2012-08-14,NA,NA,5,9,WA
51140,2012-08-14,NA,NA,6,23,WA
51140,2012-08-14,NA,NA,7,29,WA
51140,2012-08-14,NA,NA,8,30,WA
51140,2012-08-14,NA,NA,9,2,WA
51140,2012-08-14,NA,NA,10,5,WA
51140,2012-08-14,NA,NA,11,4,WA
51140,2012-08-14,NA,NA,12,7,WA
51140,2012-08-14,NA,NA,13,3,WA
51140,2012-08-14,NA,NA,14,6,WA
51140,2012-08-14,NA,NA,15,10,WA
51140,2012-08-14,NA,NA,16,21,WA
51140,2012-08-14,NA,NA,17,33,WA
51140,2012-08-14,NA,NA,18,22,WA
51140,2012-08-14,NA,NA,19,6,WA
51140,2012-08-14,NA,NA,20,2,WA
51140,2012-08-14,NA,NA,21,1,WA
51140,2012-08-15,NA,NA,4,1,WA
51140,2012-08-15,NA,NA,5,5,WA
51140,2012-08-15,NA,NA,6,17,WA
51140,2012-08-15,NA,NA,7,45,WA
51140,2012-08-15,NA,NA,8,28,WA
51140,2012-08-15,NA,NA,9,34,WA
51140,2012-08-15,NA,NA,10,13,WA
51140,2012-08-15,NA,NA,11,3,WA
51140,2012-08-15,NA,NA,12,5,WA
51140,2012-08-15,NA,NA,13,8,WA
51140,2012-08-15,NA,NA,14,12,WA
51140,2012-08-15,NA,NA,15,16,WA
51140,2012-08-15,NA,NA,16,28,WA
51140,2012-08-15,NA,NA,17,45,WA
51140,2012-08-15,NA,NA,18,38,WA
51140,2012-08-15,NA,NA,19,4,WA
51140,2012-08-15,NA,NA,20,1,WA
51140,2012-08-15,NA,NA,21,2,WA
51140,2012-08-15,NA,NA,22,1,WA
51140,2012-08-16,NA,NA,0,1,WA
51140,2012-08-16,NA,NA,2,1,WA
51140,2012-08-16,NA,NA,4,1,WA
51140,2012-08-16,NA,NA,5,16,WA
51140,2012-08-16,NA,NA,6,27,WA
51140,2012-08-16,NA,NA,7,55,WA
51140,2012-08-16,NA,NA,8,31,WA
51140,2012-08-16,NA,NA,9,10,WA
51140,2012-08-16,NA,NA,10,13,WA
51140,2012-08-16,NA,NA,11,11,WA
51140,2012-08-16,NA,NA,12,10,WA
51140,2012-08-16,NA,NA,13,9,WA
51140,2012-08-16,NA,NA,14,8,WA
51140,2012-08-16,NA,NA,15,27,WA
51140,2012-08-16,NA,NA,16,23,WA
51140,2012-08-16,NA,NA,17,50,WA
51140,2012-08-16,NA,NA,18,16,WA
51140,2012-08-16,NA,NA,19,13,WA
51140,2012-08-16,NA,NA,20,4,WA
51140,2012-08-16,NA,NA,21,5,WA
51140,2012-08-16,NA,NA,22,3,WA
51140,2012-08-16,NA,NA,23,1,WA
51140,2012-08-17,NA,NA,0,1,WA
51140,2012-08-17,NA,NA,1,2,WA
51140,2012-08-17,NA,NA,2,1,WA
51140,2012-08-17,NA,NA,3,1,WA
51140,2012-08-17,NA,NA,4,1,WA
51140,2012-08-17,NA,NA,5,6,WA
51140,2012-08-17,NA,NA,6,21,WA
51140,2012-08-17,NA,NA,7,54,WA
51140,2012-08-17,NA,NA,8,24,WA
51140,2012-08-17,NA,NA,9,12,WA
51140,2012-08-17,NA,NA,10,12,WA
51140,2012-08-17,NA,NA,11,13,WA
51140,2012-08-17,NA,NA,12,3,WA
51140,2012-08-17,NA,NA,13,14,WA
51140,2012-08-17,NA,NA,14,5,WA
51140,2012-08-17,NA,NA,15,19,WA
51140,2012-08-17,NA,NA,16,33,WA
51140,2012-08-17,NA,NA,17,43,WA
51140,2012-08-17,NA,NA,18,29,WA
51140,2012-08-17,NA,NA,19,5,WA
51140,2012-08-17,NA,NA,20,1,WA
51140,2012-08-17,NA,NA,21,4,WA
51140,2012-08-17,NA,NA,22,1,WA
51140,2012-08-17,NA,NA,23,1,WA
51140,2012-08-18,NA,NA,0,1,WA
51140,2012-08-18,NA,NA,5,4,WA
51140,2012-08-18,NA,NA,6,21,WA
51140,2012-08-18,NA,NA,7,27,WA
51140,2012-08-18,NA,NA,8,41,WA
51140,2012-08-18,NA,NA,9,35,WA
51140,2012-08-18,NA,NA,10,22,WA
51140,2012-08-18,NA,NA,11,46,WA
51140,2012-08-18,NA,NA,12,40,WA
51140,2012-08-18,NA,NA,13,18,WA
51140,2012-08-18,NA,NA,14,28,WA
51140,2012-08-18,NA,NA,15,34,WA
51140,2012-08-18,NA,NA,16,23,WA
51140,2012-08-18,NA,NA,17,13,WA
51140,2012-08-18,NA,NA,18,7,WA
51140,2012-08-18,NA,NA,19,4,WA
51140,2012-08-18,NA,NA,21,2,WA
51140,2012-08-18,NA,NA,22,2,WA
51140,2012-08-18,NA,NA,23,4,WA
51140,2012-08-19,NA,NA,0,4,WA
51140,2012-08-19,NA,NA,1,2,WA
51140,2012-08-19,NA,NA,2,1,WA
51140,2012-08-19,NA,NA,5,1,WA
51140,2012-08-19,NA,NA,6,17,WA
51140,2012-08-19,NA,NA,7,15,WA
51140,2012-08-19,NA,NA,8,45,WA
51140,2012-08-19,NA,NA,9,45,WA
51140,2012-08-19,NA,NA,10,56,WA
51140,2012-08-19,NA,NA,11,27,WA
51140,2012-08-19,NA,NA,12,30,WA
51140,2012-08-19,NA,NA,13,36,WA
51140,2012-08-19,NA,NA,14,26,WA
51140,2012-08-19,NA,NA,15,13,WA
51140,2012-08-19,NA,NA,16,29,WA
51140,2012-08-19,NA,NA,17,21,WA
51140,2012-08-19,NA,NA,18,9,WA
51140,2012-08-19,NA,NA,19,2,WA
51140,2012-08-19,NA,NA,20,2,WA
51140,2012-08-19,NA,NA,21,1,WA
51140,2012-08-19,NA,NA,22,3,WA
51140,2012-08-19,NA,NA,23,1,WA
51140,2012-08-20,NA,NA,0,2,WA
51140,2012-08-20,NA,NA,5,9,WA
51140,2012-08-20,NA,NA,6,29,WA
51140,2012-08-20,NA,NA,7,60,WA
51140,2012-08-20,NA,NA,8,25,WA
51140,2012-08-20,NA,NA,9,16,WA
51140,2012-08-20,NA,NA,10,9,WA
51140,2012-08-20,NA,NA,11,11,WA
51140,2012-08-20,NA,NA,12,7,WA
51140,2012-08-20,NA,NA,13,4,WA
51140,2012-08-20,NA,NA,14,6,WA
51140,2012-08-20,NA,NA,15,15,WA
51140,2012-08-20,NA,NA,16,30,WA
51140,2012-08-20,NA,NA,17,50,WA
51140,2012-08-20,NA,NA,18,28,WA
51140,2012-08-20,NA,NA,19,15,WA
51140,2012-08-20,NA,NA,20,5,WA
51140,2012-08-20,NA,NA,21,5,WA
51140,2012-08-20,NA,NA,22,1,WA
51140,2012-08-20,NA,NA,23,2,WA
51140,2012-08-21,NA,NA,4,1,WA
51140,2012-08-21,NA,NA,5,10,WA
51140,2012-08-21,NA,NA,6,14,WA
51140,2012-08-21,NA,NA,7,28,WA
51140,2012-08-21,NA,NA,8,18,WA
51140,2012-08-21,NA,NA,9,5,WA
51140,2012-08-21,NA,NA,10,5,WA
51140,2012-08-21,NA,NA,11,4,WA
51140,2012-08-21,NA,NA,12,1,WA
51140,2012-08-21,NA,NA,13,2,WA
51140,2012-08-21,NA,NA,14,6,WA
51140,2012-08-21,NA,NA,15,9,WA
51140,2012-08-21,NA,NA,16,15,WA
51140,2012-08-21,NA,NA,17,26,WA
51140,2012-08-21,NA,NA,18,14,WA
51140,2012-08-21,NA,NA,19,6,WA
51140,2012-08-21,NA,NA,20,2,WA
51140,2012-08-21,NA,NA,21,3,WA
51140,2012-08-21,NA,NA,22,1,WA
51140,2012-08-22,NA,NA,1,1,WA
51140,2012-08-22,NA,NA,2,1,WA
51140,2012-08-22,NA,NA,5,8,WA
51140,2012-08-22,NA,NA,6,16,WA
51140,2012-08-22,NA,NA,7,38,WA
51140,2012-08-22,NA,NA,8,21,WA
51140,2012-08-22,NA,NA,9,11,WA
51140,2012-08-22,NA,NA,10,13,WA
51140,2012-08-22,NA,NA,11,10,WA
51140,2012-08-22,NA,NA,12,8,WA
51140,2012-08-22,NA,NA,13,4,WA
51140,2012-08-22,NA,NA,14,2,WA
51140,2012-08-22,NA,NA,15,14,WA
51140,2012-08-22,NA,NA,16,13,WA
51140,2012-08-22,NA,NA,17,29,WA
51140,2012-08-22,NA,NA,18,23,WA
51140,2012-08-22,NA,NA,19,7,WA
51140,2012-08-22,NA,NA,20,5,WA
51140,2012-08-22,NA,NA,21,5,WA
51140,2012-08-22,NA,NA,22,1,WA
51140,2012-08-23,NA,NA,4,1,WA
51140,2012-08-23,NA,NA,5,14,WA
51140,2012-08-23,NA,NA,6,33,WA
51140,2012-08-23,NA,NA,7,59,WA
51140,2012-08-23,NA,NA,8,24,WA
51140,2012-08-23,NA,NA,9,8,WA
51140,2012-08-23,NA,NA,10,18,WA
51140,2012-08-23,NA,NA,11,13,WA
51140,2012-08-23,NA,NA,12,15,WA
51140,2012-08-23,NA,NA,13,7,WA
51140,2012-08-23,NA,NA,14,5,WA
51140,2012-08-23,NA,NA,15,21,WA
51140,2012-08-23,NA,NA,16,19,WA
51140,2012-08-23,NA,NA,17,33,WA
51140,2012-08-23,NA,NA,18,19,WA
51140,2012-08-23,NA,NA,19,7,WA
51140,2012-08-23,NA,NA,20,2,WA
51140,2012-08-23,NA,NA,21,5,WA
51140,2012-08-23,NA,NA,22,2,WA
51140,2012-08-23,NA,NA,23,1,WA
51140,2012-08-24,NA,NA,1,1,WA
51140,2012-08-24,NA,NA,5,9,WA
51140,2012-08-24,NA,NA,6,15,WA
51140,2012-08-24,NA,NA,7,49,WA
51140,2012-08-24,NA,NA,8,27,WA
51140,2012-08-24,NA,NA,9,21,WA
51140,2012-08-24,NA,NA,10,14,WA
51140,2012-08-24,NA,NA,11,8,WA
51140,2012-08-24,NA,NA,12,9,WA
51140,2012-08-24,NA,NA,13,7,WA
51140,2012-08-24,NA,NA,14,10,WA
51140,2012-08-24,NA,NA,15,12,WA
51140,2012-08-24,NA,NA,16,19,WA
51140,2012-08-24,NA,NA,17,42,WA
51140,2012-08-24,NA,NA,18,24,WA
51140,2012-08-24,NA,NA,19,3,WA
51140,2012-08-24,NA,NA,20,2,WA
51140,2012-08-24,NA,NA,22,5,WA
51140,2012-08-24,NA,NA,23,2,WA
51140,2012-08-25,NA,NA,0,2,WA
51140,2012-08-25,NA,NA,2,1,WA
51140,2012-08-25,NA,NA,5,9,WA
51140,2012-08-25,NA,NA,6,23,WA
51140,2012-08-25,NA,NA,7,33,WA
51140,2012-08-25,NA,NA,8,35,WA
51140,2012-08-25,NA,NA,9,56,WA
51140,2012-08-25,NA,NA,10,26,WA
51140,2012-08-25,NA,NA,11,32,WA
51140,2012-08-25,NA,NA,12,29,WA
51140,2012-08-25,NA,NA,13,47,WA
51140,2012-08-25,NA,NA,14,26,WA
51140,2012-08-25,NA,NA,15,33,WA
51140,2012-08-25,NA,NA,16,18,WA
51140,2012-08-25,NA,NA,17,16,WA
51140,2012-08-25,NA,NA,18,9,WA
51140,2012-08-25,NA,NA,19,1,WA
51140,2012-08-25,NA,NA,21,1,WA
51140,2012-08-25,NA,NA,22,3,WA
51140,2012-08-26,NA,NA,5,3,WA
51140,2012-08-26,NA,NA,6,8,WA
51140,2012-08-26,NA,NA,7,29,WA
51140,2012-08-26,NA,NA,8,30,WA
51140,2012-08-26,NA,NA,9,45,WA
51140,2012-08-26,NA,NA,10,41,WA
51140,2012-08-26,NA,NA,11,45,WA
51140,2012-08-26,NA,NA,12,28,WA
51140,2012-08-26,NA,NA,13,33,WA
51140,2012-08-26,NA,NA,14,16,WA
51140,2012-08-26,NA,NA,15,26,WA
51140,2012-08-26,NA,NA,16,21,WA
51140,2012-08-26,NA,NA,17,17,WA
51140,2012-08-26,NA,NA,18,4,WA
51140,2012-08-26,NA,NA,19,1,WA
51140,2012-08-26,NA,NA,20,3,WA
51140,2012-08-26,NA,NA,21,4,WA
51140,2012-08-26,NA,NA,22,3,WA
51140,2012-08-26,NA,NA,23,1,WA
51140,2012-08-27,NA,NA,4,1,WA
51140,2012-08-27,NA,NA,5,11,WA
51140,2012-08-27,NA,NA,6,19,WA
51140,2012-08-27,NA,NA,7,54,WA
51140,2012-08-27,NA,NA,8,29,WA
51140,2012-08-27,NA,NA,9,15,WA
51140,2012-08-27,NA,NA,10,8,WA
51140,2012-08-27,NA,NA,11,11,WA
51140,2012-08-27,NA,NA,12,7,WA
51140,2012-08-27,NA,NA,13,10,WA
51140,2012-08-27,NA,NA,14,6,WA
51140,2012-08-27,NA,NA,15,17,WA
51140,2012-08-27,NA,NA,16,30,WA
51140,2012-08-27,NA,NA,17,45,WA
51140,2012-08-27,NA,NA,18,28,WA
51140,2012-08-27,NA,NA,19,8,WA
51140,2012-08-27,NA,NA,20,1,WA
51140,2012-08-27,NA,NA,21,1,WA
51140,2012-08-27,NA,NA,22,2,WA
51140,2012-08-27,NA,NA,23,1,WA
51140,2012-08-28,NA,NA,0,1,WA
51140,2012-08-28,NA,NA,1,1,WA
51140,2012-08-28,NA,NA,4,1,WA
51140,2012-08-28,NA,NA,5,10,WA
51140,2012-08-28,NA,NA,6,24,WA
51140,2012-08-28,NA,NA,7,36,WA
51140,2012-08-28,NA,NA,8,18,WA
51140,2012-08-28,NA,NA,9,2,WA
51140,2012-08-28,NA,NA,10,9,WA
51140,2012-08-28,NA,NA,11,3,WA
51140,2012-08-28,NA,NA,12,2,WA
51140,2012-08-28,NA,NA,13,6,WA
51140,2012-08-28,NA,NA,14,8,WA
51140,2012-08-28,NA,NA,15,9,WA
51140,2012-08-28,NA,NA,16,19,WA
51140,2012-08-28,NA,NA,17,28,WA
51140,2012-08-28,NA,NA,18,25,WA
51140,2012-08-28,NA,NA,19,4,WA
51140,2012-08-28,NA,NA,20,1,WA
51140,2012-08-28,NA,NA,21,4,WA
51140,2012-08-29,NA,NA,4,1,WA
51140,2012-08-29,NA,NA,5,7,WA
51140,2012-08-29,NA,NA,6,37,WA
51140,2012-08-29,NA,NA,7,58,WA
51140,2012-08-29,NA,NA,8,36,WA
51140,2012-08-29,NA,NA,9,17,WA
51140,2012-08-29,NA,NA,10,20,WA
51140,2012-08-29,NA,NA,11,17,WA
51140,2012-08-29,NA,NA,12,11,WA
51140,2012-08-29,NA,NA,13,9,WA
51140,2012-08-29,NA,NA,14,8,WA
51140,2012-08-29,NA,NA,15,21,WA
51140,2012-08-29,NA,NA,16,28,WA
51140,2012-08-29,NA,NA,17,55,WA
51140,2012-08-29,NA,NA,18,26,WA
51140,2012-08-29,NA,NA,19,11,WA
51140,2012-08-29,NA,NA,20,3,WA
51140,2012-08-29,NA,NA,21,2,WA
51140,2012-08-29,NA,NA,22,3,WA
51140,2012-08-29,NA,NA,23,3,WA
51140,2012-08-30,NA,NA,4,1,WA
51140,2012-08-30,NA,NA,5,25,WA
51140,2012-08-30,NA,NA,6,28,WA
51140,2012-08-30,NA,NA,7,68,WA
51140,2012-08-30,NA,NA,8,34,WA
51140,2012-08-30,NA,NA,9,15,WA
51140,2012-08-30,NA,NA,10,17,WA
51140,2012-08-30,NA,NA,11,10,WA
51140,2012-08-30,NA,NA,12,13,WA
51140,2012-08-30,NA,NA,13,8,WA
51140,2012-08-30,NA,NA,14,10,WA
51140,2012-08-30,NA,NA,15,21,WA
51140,2012-08-30,NA,NA,16,24,WA
51140,2012-08-30,NA,NA,17,46,WA
51140,2012-08-30,NA,NA,18,32,WA
51140,2012-08-30,NA,NA,19,11,WA
51140,2012-08-30,NA,NA,20,3,WA
51140,2012-08-30,NA,NA,21,5,WA
51140,2012-08-30,NA,NA,22,2,WA
51140,2012-08-30,NA,NA,23,3,WA
51140,2012-08-31,NA,NA,4,1,WA
51140,2012-08-31,NA,NA,5,14,WA
51140,2012-08-31,NA,NA,6,22,WA
51140,2012-08-31,NA,NA,7,35,WA
51140,2012-08-31,NA,NA,8,27,WA
51140,2012-08-31,NA,NA,9,17,WA
51140,2012-08-31,NA,NA,10,17,WA
51140,2012-08-31,NA,NA,11,11,WA
51140,2012-08-31,NA,NA,12,6,WA
51140,2012-08-31,NA,NA,13,5,WA
51140,2012-08-31,NA,NA,14,4,WA
51140,2012-08-31,NA,NA,15,16,WA
51140,2012-08-31,NA,NA,16,16,WA
51140,2012-08-31,NA,NA,17,26,WA
51140,2012-08-31,NA,NA,18,22,WA
51140,2012-08-31,NA,NA,19,1,WA
51140,2012-08-31,NA,NA,20,5,WA
51140,2012-08-31,NA,NA,21,3,WA
51140,2012-08-31,NA,NA,22,3,WA
51140,2012-08-31,NA,NA,23,3,WA
51140,2012-09-01,NA,NA,0,1,WA
51140,2012-09-01,NA,NA,1,1,WA
51140,2012-09-01,NA,NA,2,1,WA
51140,2012-09-01,NA,NA,5,13,WA
51140,2012-09-01,NA,NA,6,10,WA
51140,2012-09-01,NA,NA,7,33,WA
51140,2012-09-01,NA,NA,8,43,WA
51140,2012-09-01,NA,NA,9,30,WA
51140,2012-09-01,NA,NA,10,35,WA
51140,2012-09-01,NA,NA,11,17,WA
51140,2012-09-01,NA,NA,12,35,WA
51140,2012-09-01,NA,NA,13,25,WA
51140,2012-09-01,NA,NA,14,17,WA
51140,2012-09-01,NA,NA,15,28,WA
51140,2012-09-01,NA,NA,16,24,WA
51140,2012-09-01,NA,NA,17,22,WA
51140,2012-09-01,NA,NA,18,4,WA
51140,2012-09-01,NA,NA,19,1,WA
51140,2012-09-01,NA,NA,20,1,WA
51140,2012-09-01,NA,NA,21,2,WA
51140,2012-09-01,NA,NA,23,3,WA
51140,2012-09-02,NA,NA,1,1,WA
51140,2012-09-02,NA,NA,5,1,WA
51140,2012-09-02,NA,NA,6,10,WA
51140,2012-09-02,NA,NA,7,30,WA
51140,2012-09-02,NA,NA,8,46,WA
51140,2012-09-02,NA,NA,9,66,WA
51140,2012-09-02,NA,NA,10,39,WA
51140,2012-09-02,NA,NA,11,28,WA
51140,2012-09-02,NA,NA,12,31,WA
51140,2012-09-02,NA,NA,13,26,WA
51140,2012-09-02,NA,NA,14,24,WA
51140,2012-09-02,NA,NA,15,27,WA
51140,2012-09-02,NA,NA,16,12,WA
51140,2012-09-02,NA,NA,17,17,WA
51140,2012-09-02,NA,NA,18,5,WA
51140,2012-09-02,NA,NA,19,1,WA
51140,2012-09-02,NA,NA,20,3,WA
51140,2012-09-02,NA,NA,21,4,WA
51140,2012-09-02,NA,NA,22,4,WA
51140,2012-09-03,NA,NA,4,1,WA
51140,2012-09-03,NA,NA,5,7,WA
51140,2012-09-03,NA,NA,6,18,WA
51140,2012-09-03,NA,NA,7,41,WA
51140,2012-09-03,NA,NA,8,17,WA
51140,2012-09-03,NA,NA,9,9,WA
51140,2012-09-03,NA,NA,10,3,WA
51140,2012-09-03,NA,NA,11,4,WA
51140,2012-09-03,NA,NA,12,3,WA
51140,2012-09-03,NA,NA,13,4,WA
51140,2012-09-03,NA,NA,14,2,WA
51140,2012-09-03,NA,NA,15,11,WA
51140,2012-09-03,NA,NA,16,10,WA
51140,2012-09-03,NA,NA,17,18,WA
51140,2012-09-03,NA,NA,18,10,WA
51140,2012-09-03,NA,NA,19,7,WA
51140,2012-09-03,NA,NA,20,1,WA
51140,2012-09-03,NA,NA,21,1,WA
51140,2012-09-04,NA,NA,5,3,WA
51140,2012-09-04,NA,NA,6,3,WA
51140,2012-09-04,NA,NA,7,14,WA
51140,2012-09-04,NA,NA,8,4,WA
51140,2012-09-04,NA,NA,9,3,WA
51140,2012-09-04,NA,NA,10,5,WA
51140,2012-09-04,NA,NA,11,1,WA
51140,2012-09-04,NA,NA,12,2,WA
51140,2012-09-04,NA,NA,13,2,WA
51140,2012-09-04,NA,NA,15,2,WA
51140,2012-09-04,NA,NA,16,6,WA
51140,2012-09-04,NA,NA,17,18,WA
51140,2012-09-04,NA,NA,18,9,WA
51140,2012-09-04,NA,NA,19,5,WA
51140,2012-09-04,NA,NA,20,4,WA
51140,2012-09-04,NA,NA,22,2,WA
51140,2012-09-05,NA,NA,4,1,WA
51140,2012-09-05,NA,NA,5,5,WA
51140,2012-09-05,NA,NA,6,24,WA
51140,2012-09-05,NA,NA,7,31,WA
51140,2012-09-05,NA,NA,8,20,WA
51140,2012-09-05,NA,NA,9,15,WA
51140,2012-09-05,NA,NA,10,6,WA
51140,2012-09-05,NA,NA,11,13,WA
51140,2012-09-05,NA,NA,12,6,WA
51140,2012-09-05,NA,NA,13,6,WA
51140,2012-09-05,NA,NA,14,7,WA
51140,2012-09-05,NA,NA,15,7,WA
51140,2012-09-05,NA,NA,16,18,WA
51140,2012-09-05,NA,NA,17,31,WA
51140,2012-09-05,NA,NA,18,18,WA
51140,2012-09-05,NA,NA,19,7,WA
51140,2012-09-05,NA,NA,20,3,WA
51140,2012-09-05,NA,NA,21,2,WA
51140,2012-09-05,NA,NA,22,1,WA
51140,2012-09-05,NA,NA,23,1,WA
51140,2012-09-06,NA,NA,5,22,WA
51140,2012-09-06,NA,NA,6,32,WA
51140,2012-09-06,NA,NA,7,62,WA
51140,2012-09-06,NA,NA,8,34,WA
51140,2012-09-06,NA,NA,9,19,WA
51140,2012-09-06,NA,NA,10,11,WA
51140,2012-09-06,NA,NA,11,15,WA
51140,2012-09-06,NA,NA,12,10,WA
51140,2012-09-06,NA,NA,13,6,WA
51140,2012-09-06,NA,NA,14,7,WA
51140,2012-09-06,NA,NA,15,28,WA
51140,2012-09-06,NA,NA,16,28,WA
51140,2012-09-06,NA,NA,17,50,WA
51140,2012-09-06,NA,NA,18,38,WA
51140,2012-09-06,NA,NA,19,7,WA
51140,2012-09-06,NA,NA,20,8,WA
51140,2012-09-06,NA,NA,21,1,WA
51140,2012-09-06,NA,NA,22,4,WA
51140,2012-09-07,NA,NA,4,1,WA
51140,2012-09-07,NA,NA,5,7,WA
51140,2012-09-07,NA,NA,6,20,WA
51140,2012-09-07,NA,NA,7,53,WA
51140,2012-09-07,NA,NA,8,21,WA
51140,2012-09-07,NA,NA,9,21,WA
51140,2012-09-07,NA,NA,10,9,WA
51140,2012-09-07,NA,NA,11,15,WA
51140,2012-09-07,NA,NA,12,17,WA
51140,2012-09-07,NA,NA,13,8,WA
51140,2012-09-07,NA,NA,14,9,WA
51140,2012-09-07,NA,NA,15,14,WA
51140,2012-09-07,NA,NA,16,26,WA
51140,2012-09-07,NA,NA,17,40,WA
51140,2012-09-07,NA,NA,18,20,WA
51140,2012-09-07,NA,NA,19,9,WA
51140,2012-09-07,NA,NA,20,1,WA
51140,2012-09-07,NA,NA,21,3,WA
51140,2012-09-07,NA,NA,22,2,WA
51140,2012-09-07,NA,NA,23,2,WA
51140,2012-09-08,NA,NA,0,1,WA
51140,2012-09-08,NA,NA,1,1,WA
51140,2012-09-08,NA,NA,4,1,WA
51140,2012-09-08,NA,NA,5,17,WA
51140,2012-09-08,NA,NA,6,11,WA
51140,2012-09-08,NA,NA,7,27,WA
51140,2012-09-08,NA,NA,8,40,WA
51140,2012-09-08,NA,NA,9,38,WA
51140,2012-09-08,NA,NA,10,45,WA
51140,2012-09-08,NA,NA,11,52,WA
51140,2012-09-08,NA,NA,12,31,WA
51140,2012-09-08,NA,NA,13,31,WA
51140,2012-09-08,NA,NA,14,34,WA
51140,2012-09-08,NA,NA,15,27,WA
51140,2012-09-08,NA,NA,16,19,WA
51140,2012-09-08,NA,NA,17,15,WA
51140,2012-09-08,NA,NA,18,3,WA
51140,2012-09-08,NA,NA,19,3,WA
51140,2012-09-08,NA,NA,20,5,WA
51140,2012-09-08,NA,NA,21,1,WA
51140,2012-09-08,NA,NA,22,1,WA
51140,2012-09-08,NA,NA,23,2,WA
51140,2012-09-09,NA,NA,0,2,WA
51140,2012-09-09,NA,NA,5,1,WA
51140,2012-09-09,NA,NA,6,8,WA
51140,2012-09-09,NA,NA,7,28,WA
51140,2012-09-09,NA,NA,8,59,WA
51140,2012-09-09,NA,NA,9,52,WA
51140,2012-09-09,NA,NA,10,72,WA
51140,2012-09-09,NA,NA,11,43,WA
51140,2012-09-09,NA,NA,12,34,WA
51140,2012-09-09,NA,NA,13,24,WA
51140,2012-09-09,NA,NA,14,39,WA
51140,2012-09-09,NA,NA,15,25,WA
51140,2012-09-09,NA,NA,16,20,WA
51140,2012-09-09,NA,NA,17,16,WA
51140,2012-09-09,NA,NA,18,10,WA
51140,2012-09-09,NA,NA,19,1,WA
51140,2012-09-09,NA,NA,20,4,WA
51140,2012-09-09,NA,NA,21,4,WA
51140,2012-09-09,NA,NA,23,1,WA
51140,2012-09-10,NA,NA,0,1,WA
51140,2012-09-10,NA,NA,5,5,WA
51140,2012-09-10,NA,NA,6,43,WA
51140,2012-09-10,NA,NA,7,57,WA
51140,2012-09-10,NA,NA,8,42,WA
51140,2012-09-10,NA,NA,9,21,WA
51140,2012-09-10,NA,NA,10,14,WA
51140,2012-09-10,NA,NA,11,19,WA
51140,2012-09-10,NA,NA,12,10,WA
51140,2012-09-10,NA,NA,13,11,WA
51140,2012-09-10,NA,NA,14,5,WA
51140,2012-09-10,NA,NA,15,27,WA
51140,2012-09-10,NA,NA,16,26,WA
51140,2012-09-10,NA,NA,17,72,WA
51140,2012-09-10,NA,NA,18,37,WA
51140,2012-09-10,NA,NA,19,15,WA
51140,2012-09-10,NA,NA,20,5,WA
51140,2012-09-10,NA,NA,21,3,WA
51140,2012-09-10,NA,NA,22,3,WA
51140,2012-09-10,NA,NA,23,5,WA
51140,2012-09-11,NA,NA,0,1,WA
51140,2012-09-11,NA,NA,5,8,WA
51140,2012-09-11,NA,NA,6,30,WA
51140,2012-09-11,NA,NA,7,63,WA
51140,2012-09-11,NA,NA,8,47,WA
51140,2012-09-11,NA,NA,9,13,WA
51140,2012-09-11,NA,NA,10,19,WA
51140,2012-09-11,NA,NA,11,13,WA
51140,2012-09-11,NA,NA,12,9,WA
51140,2012-09-11,NA,NA,13,6,WA
51140,2012-09-11,NA,NA,14,11,WA
51140,2012-09-11,NA,NA,15,22,WA
51140,2012-09-11,NA,NA,16,27,WA
51140,2012-09-11,NA,NA,17,57,WA
51140,2012-09-11,NA,NA,18,44,WA
51140,2012-09-11,NA,NA,19,13,WA
51140,2012-09-11,NA,NA,20,7,WA
51140,2012-09-11,NA,NA,21,5,WA
51140,2012-09-11,NA,NA,23,2,WA
51140,2012-09-12,NA,NA,0,1,WA
51140,2012-09-12,NA,NA,4,1,WA
51140,2012-09-12,NA,NA,5,10,WA
51140,2012-09-12,NA,NA,6,46,WA
51140,2012-09-12,NA,NA,7,71,WA
51140,2012-09-12,NA,NA,8,43,WA
51140,2012-09-12,NA,NA,9,14,WA
51140,2012-09-12,NA,NA,10,9,WA
51140,2012-09-12,NA,NA,11,16,WA
51140,2012-09-12,NA,NA,12,2,WA
51140,2012-09-12,NA,NA,13,7,WA
51140,2012-09-12,NA,NA,14,7,WA
51140,2012-09-12,NA,NA,15,18,WA
51140,2012-09-12,NA,NA,16,22,WA
51140,2012-09-12,NA,NA,17,54,WA
51140,2012-09-12,NA,NA,18,50,WA
51140,2012-09-12,NA,NA,19,14,WA
51140,2012-09-12,NA,NA,20,4,WA
51140,2012-09-12,NA,NA,21,4,WA
51140,2012-09-12,NA,NA,22,2,WA
51140,2012-09-12,NA,NA,23,2,WA
51140,2012-09-13,NA,NA,0,1,WA
51140,2012-09-13,NA,NA,5,29,WA
51140,2012-09-13,NA,NA,6,44,WA
51140,2012-09-13,NA,NA,7,75,WA
51140,2012-09-13,NA,NA,8,33,WA
51140,2012-09-13,NA,NA,9,21,WA
51140,2012-09-13,NA,NA,10,16,WA
51140,2012-09-13,NA,NA,11,13,WA
51140,2012-09-13,NA,NA,12,17,WA
51140,2012-09-13,NA,NA,13,12,WA
51140,2012-09-13,NA,NA,14,9,WA
51140,2012-09-13,NA,NA,15,32,WA
51140,2012-09-13,NA,NA,16,29,WA
51140,2012-09-13,NA,NA,17,51,WA
51140,2012-09-13,NA,NA,18,35,WA
51140,2012-09-13,NA,NA,19,14,WA
51140,2012-09-13,NA,NA,20,4,WA
51140,2012-09-13,NA,NA,21,2,WA
51140,2012-09-13,NA,NA,22,1,WA
51140,2012-09-13,NA,NA,23,2,WA
51140,2012-09-14,NA,NA,0,2,WA
51140,2012-09-14,NA,NA,4,1,WA
51140,2012-09-14,NA,NA,5,8,WA
51140,2012-09-14,NA,NA,6,20,WA
51140,2012-09-14,NA,NA,7,61,WA
51140,2012-09-14,NA,NA,8,22,WA
51140,2012-09-14,NA,NA,9,18,WA
51140,2012-09-14,NA,NA,10,8,WA
51140,2012-09-14,NA,NA,11,14,WA
51140,2012-09-14,NA,NA,12,11,WA
51140,2012-09-14,NA,NA,13,9,WA
51140,2012-09-14,NA,NA,14,7,WA
51140,2012-09-14,NA,NA,15,20,WA
51140,2012-09-14,NA,NA,16,27,WA
51140,2012-09-14,NA,NA,17,37,WA
51140,2012-09-14,NA,NA,18,16,WA
51140,2012-09-14,NA,NA,19,12,WA
51140,2012-09-14,NA,NA,20,4,WA
51140,2012-09-14,NA,NA,21,2,WA
51140,2012-09-14,NA,NA,22,1,WA
51140,2012-09-14,NA,NA,23,2,WA
51140,2012-09-15,NA,NA,0,1,WA
51140,2012-09-15,NA,NA,1,1,WA
51140,2012-09-15,NA,NA,5,7,WA
51140,2012-09-15,NA,NA,6,15,WA
51140,2012-09-15,NA,NA,7,41,WA
51140,2012-09-15,NA,NA,8,60,WA
51140,2012-09-15,NA,NA,9,57,WA
51140,2012-09-15,NA,NA,10,35,WA
51140,2012-09-15,NA,NA,11,29,WA
51140,2012-09-15,NA,NA,12,43,WA
51140,2012-09-15,NA,NA,13,23,WA
51140,2012-09-15,NA,NA,14,43,WA
51140,2012-09-15,NA,NA,15,28,WA
51140,2012-09-15,NA,NA,16,29,WA
51140,2012-09-15,NA,NA,17,22,WA
51140,2012-09-15,NA,NA,18,6,WA
51140,2012-09-15,NA,NA,19,10,WA
51140,2012-09-15,NA,NA,20,4,WA
51140,2012-09-15,NA,NA,21,1,WA
51140,2012-09-15,NA,NA,22,3,WA
51140,2012-09-15,NA,NA,23,1,WA
51140,2012-09-16,NA,NA,1,3,WA
51140,2012-09-16,NA,NA,2,1,WA
51140,2012-09-16,NA,NA,5,3,WA
51140,2012-09-16,NA,NA,6,10,WA
51140,2012-09-16,NA,NA,7,31,WA
51140,2012-09-16,NA,NA,8,51,WA
51140,2012-09-16,NA,NA,9,63,WA
51140,2012-09-16,NA,NA,10,47,WA
51140,2012-09-16,NA,NA,11,42,WA
51140,2012-09-16,NA,NA,12,46,WA
51140,2012-09-16,NA,NA,13,25,WA
51140,2012-09-16,NA,NA,14,26,WA
51140,2012-09-16,NA,NA,15,25,WA
51140,2012-09-16,NA,NA,16,30,WA
51140,2012-09-16,NA,NA,17,15,WA
51140,2012-09-16,NA,NA,18,7,WA
51140,2012-09-16,NA,NA,19,5,WA
51140,2012-09-16,NA,NA,20,1,WA
51140,2012-09-17,NA,NA,2,1,WA
51140,2012-09-17,NA,NA,4,1,WA
51140,2012-09-17,NA,NA,5,7,WA
51140,2012-09-17,NA,NA,6,24,WA
51140,2012-09-17,NA,NA,7,69,WA
51140,2012-09-17,NA,NA,8,36,WA
51140,2012-09-17,NA,NA,9,19,WA
51140,2012-09-17,NA,NA,10,21,WA
51140,2012-09-17,NA,NA,11,11,WA
51140,2012-09-17,NA,NA,12,12,WA
51140,2012-09-17,NA,NA,13,10,WA
51140,2012-09-17,NA,NA,14,9,WA
51140,2012-09-17,NA,NA,15,18,WA
51140,2012-09-17,NA,NA,16,29,WA
51140,2012-09-17,NA,NA,17,60,WA
51140,2012-09-17,NA,NA,18,38,WA
51140,2012-09-17,NA,NA,19,12,WA
51140,2012-09-17,NA,NA,20,3,WA
51140,2012-09-17,NA,NA,21,1,WA
51140,2012-09-17,NA,NA,22,3,WA
51140,2012-09-18,NA,NA,1,1,WA
51140,2012-09-18,NA,NA,2,1,WA
51140,2012-09-18,NA,NA,4,1,WA
51140,2012-09-18,NA,NA,5,9,WA
51140,2012-09-18,NA,NA,6,19,WA
51140,2012-09-18,NA,NA,7,53,WA
51140,2012-09-18,NA,NA,8,23,WA
51140,2012-09-18,NA,NA,9,10,WA
51140,2012-09-18,NA,NA,10,6,WA
51140,2012-09-18,NA,NA,11,8,WA
51140,2012-09-18,NA,NA,12,9,WA
51140,2012-09-18,NA,NA,13,5,WA
51140,2012-09-18,NA,NA,14,9,WA
51140,2012-09-18,NA,NA,15,10,WA
51140,2012-09-18,NA,NA,16,24,WA
51140,2012-09-18,NA,NA,17,45,WA
51140,2012-09-18,NA,NA,18,32,WA
51140,2012-09-18,NA,NA,19,7,WA
51140,2012-09-18,NA,NA,20,5,WA
51140,2012-09-18,NA,NA,21,1,WA
51140,2012-09-18,NA,NA,22,1,WA
51140,2012-09-18,NA,NA,23,3,WA
51140,2012-09-19,NA,NA,2,1,WA
51140,2012-09-19,NA,NA,4,1,WA
51140,2012-09-19,NA,NA,5,10,WA
51140,2012-09-19,NA,NA,6,44,WA
51140,2012-09-19,NA,NA,7,76,WA
51140,2012-09-19,NA,NA,8,38,WA
51140,2012-09-19,NA,NA,9,22,WA
51140,2012-09-19,NA,NA,10,19,WA
51140,2012-09-19,NA,NA,11,12,WA
51140,2012-09-19,NA,NA,12,10,WA
51140,2012-09-19,NA,NA,13,9,WA
51140,2012-09-19,NA,NA,14,8,WA
51140,2012-09-19,NA,NA,15,16,WA
51140,2012-09-19,NA,NA,16,32,WA
51140,2012-09-19,NA,NA,17,60,WA
51140,2012-09-19,NA,NA,18,40,WA
51140,2012-09-19,NA,NA,19,11,WA
51140,2012-09-19,NA,NA,20,4,WA
51140,2012-09-19,NA,NA,21,7,WA
51140,2012-09-19,NA,NA,22,6,WA
51140,2012-09-19,NA,NA,23,3,WA
51140,2012-09-20,NA,NA,2,1,WA
51140,2012-09-20,NA,NA,4,1,WA
51140,2012-09-20,NA,NA,5,20,WA
51140,2012-09-20,NA,NA,6,18,WA
51140,2012-09-20,NA,NA,7,48,WA
51140,2012-09-20,NA,NA,8,22,WA
51140,2012-09-20,NA,NA,9,6,WA
51140,2012-09-20,NA,NA,10,8,WA
51140,2012-09-20,NA,NA,11,4,WA
51140,2012-09-20,NA,NA,12,6,WA
51140,2012-09-20,NA,NA,13,12,WA
51140,2012-09-20,NA,NA,14,10,WA
51140,2012-09-20,NA,NA,15,18,WA
51140,2012-09-20,NA,NA,16,20,WA
51140,2012-09-20,NA,NA,17,41,WA
51140,2012-09-20,NA,NA,18,19,WA
51140,2012-09-20,NA,NA,19,10,WA
51140,2012-09-20,NA,NA,20,1,WA
51140,2012-09-20,NA,NA,21,2,WA
51140,2012-09-20,NA,NA,22,2,WA
51140,2012-09-20,NA,NA,23,1,WA
51140,2012-09-21,NA,NA,0,1,WA
51140,2012-09-21,NA,NA,1,1,WA
51140,2012-09-21,NA,NA,5,9,WA
51140,2012-09-21,NA,NA,6,16,WA
51140,2012-09-21,NA,NA,7,36,WA
51140,2012-09-21,NA,NA,8,20,WA
51140,2012-09-21,NA,NA,9,7,WA
51140,2012-09-21,NA,NA,10,6,WA
51140,2012-09-21,NA,NA,11,7,WA
51140,2012-09-21,NA,NA,12,7,WA
51140,2012-09-21,NA,NA,13,3,WA
51140,2012-09-21,NA,NA,14,4,WA
51140,2012-09-21,NA,NA,15,8,WA
51140,2012-09-21,NA,NA,16,7,WA
51140,2012-09-21,NA,NA,17,16,WA
51140,2012-09-21,NA,NA,18,16,WA
51140,2012-09-21,NA,NA,19,2,WA
51140,2012-09-21,NA,NA,22,1,WA
51140,2012-09-21,NA,NA,23,1,WA
51140,2012-09-22,NA,NA,0,1,WA
51140,2012-09-22,NA,NA,5,1,WA
51140,2012-09-22,NA,NA,6,8,WA
51140,2012-09-22,NA,NA,7,6,WA
51140,2012-09-22,NA,NA,8,14,WA
51140,2012-09-22,NA,NA,9,16,WA
51140,2012-09-22,NA,NA,10,16,WA
51140,2012-09-22,NA,NA,11,19,WA
51140,2012-09-22,NA,NA,12,9,WA
51140,2012-09-22,NA,NA,13,18,WA
51140,2012-09-22,NA,NA,14,11,WA
51140,2012-09-22,NA,NA,15,17,WA
51140,2012-09-22,NA,NA,16,10,WA
51140,2012-09-22,NA,NA,17,9,WA
51140,2012-09-22,NA,NA,18,2,WA
51140,2012-09-22,NA,NA,19,2,WA
51140,2012-09-22,NA,NA,21,1,WA
51140,2012-09-22,NA,NA,22,1,WA
51140,2012-09-23,NA,NA,0,1,WA
51140,2012-09-23,NA,NA,1,2,WA
51140,2012-09-23,NA,NA,2,2,WA
51140,2012-09-23,NA,NA,5,1,WA
51140,2012-09-23,NA,NA,6,14,WA
51140,2012-09-23,NA,NA,7,37,WA
51140,2012-09-23,NA,NA,8,56,WA
51140,2012-09-23,NA,NA,9,64,WA
51140,2012-09-23,NA,NA,10,68,WA
51140,2012-09-23,NA,NA,11,48,WA
51140,2012-09-23,NA,NA,12,34,WA
51140,2012-09-23,NA,NA,13,43,WA
51140,2012-09-23,NA,NA,14,45,WA
51140,2012-09-23,NA,NA,15,15,WA
51140,2012-09-23,NA,NA,16,47,WA
51140,2012-09-23,NA,NA,17,22,WA
51140,2012-09-23,NA,NA,18,12,WA
51140,2012-09-23,NA,NA,19,3,WA
51140,2012-09-23,NA,NA,21,1,WA
51140,2012-09-23,NA,NA,22,1,WA
51140,2012-09-24,NA,NA,2,1,WA
51140,2012-09-24,NA,NA,4,1,WA
51140,2012-09-24,NA,NA,5,10,WA
51140,2012-09-24,NA,NA,6,25,WA
51140,2012-09-24,NA,NA,7,65,WA
51140,2012-09-24,NA,NA,8,44,WA
51140,2012-09-24,NA,NA,9,19,WA
51140,2012-09-24,NA,NA,10,12,WA
51140,2012-09-24,NA,NA,11,17,WA
51140,2012-09-24,NA,NA,12,5,WA
51140,2012-09-24,NA,NA,13,9,WA
51140,2012-09-24,NA,NA,14,12,WA
51140,2012-09-24,NA,NA,15,25,WA
51140,2012-09-24,NA,NA,16,32,WA
51140,2012-09-24,NA,NA,17,68,WA
51140,2012-09-24,NA,NA,18,46,WA
51140,2012-09-24,NA,NA,19,15,WA
51140,2012-09-24,NA,NA,20,1,WA
51140,2012-09-24,NA,NA,21,2,WA
51140,2012-09-24,NA,NA,22,2,WA
51140,2012-09-24,NA,NA,23,1,WA
51140,2012-09-25,NA,NA,0,2,WA
51140,2012-09-25,NA,NA,4,1,WA
51140,2012-09-25,NA,NA,5,7,WA
51140,2012-09-25,NA,NA,6,22,WA
51140,2012-09-25,NA,NA,7,44,WA
51140,2012-09-25,NA,NA,8,34,WA
51140,2012-09-25,NA,NA,9,8,WA
51140,2012-09-25,NA,NA,10,10,WA
51140,2012-09-25,NA,NA,11,3,WA
51140,2012-09-25,NA,NA,12,7,WA
51140,2012-09-25,NA,NA,13,9,WA
51140,2012-09-25,NA,NA,14,6,WA
51140,2012-09-25,NA,NA,15,12,WA
51140,2012-09-25,NA,NA,16,20,WA
51140,2012-09-25,NA,NA,17,36,WA
51140,2012-09-25,NA,NA,18,27,WA
51140,2012-09-25,NA,NA,19,9,WA
51140,2012-09-25,NA,NA,20,3,WA
51140,2012-09-25,NA,NA,21,2,WA
51140,2012-09-25,NA,NA,22,3,WA
51140,2012-09-26,NA,NA,0,1,WA
51140,2012-09-26,NA,NA,5,15,WA
51140,2012-09-26,NA,NA,6,23,WA
51140,2012-09-26,NA,NA,7,39,WA
51140,2012-09-26,NA,NA,8,17,WA
51140,2012-09-26,NA,NA,9,14,WA
51140,2012-09-26,NA,NA,10,8,WA
51140,2012-09-26,NA,NA,11,5,WA
51140,2012-09-26,NA,NA,12,3,WA
51140,2012-09-26,NA,NA,13,3,WA
51140,2012-09-26,NA,NA,14,7,WA
51140,2012-09-26,NA,NA,15,10,WA
51140,2012-09-26,NA,NA,16,17,WA
51140,2012-09-26,NA,NA,17,27,WA
51140,2012-09-26,NA,NA,18,27,WA
51140,2012-09-26,NA,NA,19,5,WA
51140,2012-09-26,NA,NA,20,3,WA
51140,2012-09-26,NA,NA,21,3,WA
51140,2012-09-26,NA,NA,22,4,WA
51140,2012-09-27,NA,NA,4,1,WA
51140,2012-09-27,NA,NA,5,6,WA
51140,2012-09-27,NA,NA,6,13,WA
51140,2012-09-27,NA,NA,7,30,WA
51140,2012-09-27,NA,NA,8,26,WA
51140,2012-09-27,NA,NA,9,6,WA
51140,2012-09-27,NA,NA,10,5,WA
51140,2012-09-27,NA,NA,11,3,WA
51140,2012-09-27,NA,NA,12,4,WA
51140,2012-09-27,NA,NA,13,2,WA
51140,2012-09-27,NA,NA,14,3,WA
51140,2012-09-27,NA,NA,15,11,WA
51140,2012-09-27,NA,NA,16,13,WA
51140,2012-09-27,NA,NA,17,29,WA
51140,2012-09-27,NA,NA,18,19,WA
51140,2012-09-27,NA,NA,19,6,WA
51140,2012-09-27,NA,NA,20,1,WA
51140,2012-09-27,NA,NA,22,1,WA
51140,2012-09-28,NA,NA,4,1,WA
51140,2012-09-28,NA,NA,5,10,WA
51140,2012-09-28,NA,NA,6,23,WA
51140,2012-09-28,NA,NA,7,51,WA
51140,2012-09-28,NA,NA,8,40,WA
51140,2012-09-28,NA,NA,9,17,WA
51140,2012-09-28,NA,NA,10,16,WA
51140,2012-09-28,NA,NA,11,14,WA
51140,2012-09-28,NA,NA,12,10,WA
51140,2012-09-28,NA,NA,13,17,WA
51140,2012-09-28,NA,NA,14,11,WA
51140,2012-09-28,NA,NA,15,10,WA
51140,2012-09-28,NA,NA,16,27,WA
51140,2012-09-28,NA,NA,17,30,WA
51140,2012-09-28,NA,NA,18,25,WA
51140,2012-09-28,NA,NA,19,5,WA
51140,2012-09-28,NA,NA,20,2,WA
51140,2012-09-28,NA,NA,22,2,WA
51140,2012-09-28,NA,NA,23,1,WA
51140,2012-09-29,NA,1,0,1,WA
51140,2012-09-29,NA,1,5,4,WA
51140,2012-09-29,NA,1,6,24,WA
51140,2012-09-29,NA,1,7,24,WA
51140,2012-09-29,NA,1,8,36,WA
51140,2012-09-29,NA,1,9,59,WA
51140,2012-09-29,NA,1,10,45,WA
51140,2012-09-29,NA,1,11,35,WA
51140,2012-09-29,NA,1,12,28,WA
51140,2012-09-29,NA,1,13,14,WA
51140,2012-09-29,NA,1,14,15,WA
51140,2012-09-29,NA,1,15,20,WA
51140,2012-09-29,NA,1,16,20,WA
51140,2012-09-29,NA,1,17,16,WA
51140,2012-09-29,NA,1,18,6,WA
51140,2012-09-29,NA,1,19,1,WA
51140,2012-09-29,NA,1,21,2,WA
51140,2012-09-29,NA,1,22,2,WA
51140,2012-09-29,NA,1,23,1,WA
51140,2012-09-30,NA,1,0,1,WA
51140,2012-09-30,NA,1,5,3,WA
51140,2012-09-30,NA,1,6,10,WA
51140,2012-09-30,NA,1,7,35,WA
51140,2012-09-30,NA,1,8,31,WA
51140,2012-09-30,NA,1,9,54,WA
51140,2012-09-30,NA,1,10,52,WA
51140,2012-09-30,NA,1,11,52,WA
51140,2012-09-30,NA,1,12,32,WA
51140,2012-09-30,NA,1,13,34,WA
51140,2012-09-30,NA,1,14,20,WA
51140,2012-09-30,NA,1,15,21,WA
51140,2012-09-30,NA,1,16,17,WA
51140,2012-09-30,NA,1,17,23,WA
51140,2012-09-30,NA,1,18,10,WA
51140,2012-09-30,NA,1,19,2,WA
51140,2012-09-30,NA,1,20,4,WA
51140,2012-09-30,NA,1,21,2,WA
51140,2012-09-30,NA,1,22,2,WA
51140,2012-09-30,NA,1,23,1,WA
51140,2012-10-01,1,1,1,1,WA
51140,2012-10-01,1,1,5,1,WA
51140,2012-10-01,1,1,6,13,WA
51140,2012-10-01,1,1,7,37,WA
51140,2012-10-01,1,1,8,61,WA
51140,2012-10-01,1,1,9,52,WA
51140,2012-10-01,1,1,10,38,WA
51140,2012-10-01,1,1,11,44,WA
51140,2012-10-01,1,1,12,31,WA
51140,2012-10-01,1,1,13,16,WA
51140,2012-10-01,1,1,14,16,WA
51140,2012-10-01,1,1,15,14,WA
51140,2012-10-01,1,1,16,27,WA
51140,2012-10-01,1,1,17,21,WA
51140,2012-10-01,1,1,18,15,WA
51140,2012-10-01,1,1,19,2,WA
51140,2012-10-01,1,1,20,3,WA
51140,2012-10-01,1,1,21,3,WA
51140,2012-10-01,1,1,22,1,WA
51140,2012-10-01,1,1,23,1,WA
51140,2012-10-02,NA,1,0,1,WA
51140,2012-10-02,NA,1,4,1,WA
51140,2012-10-02,NA,1,5,11,WA
51140,2012-10-02,NA,1,6,41,WA
51140,2012-10-02,NA,1,7,74,WA
51140,2012-10-02,NA,1,8,40,WA
51140,2012-10-02,NA,1,9,18,WA
51140,2012-10-02,NA,1,10,13,WA
51140,2012-10-02,NA,1,11,15,WA
51140,2012-10-02,NA,1,12,13,WA
51140,2012-10-02,NA,1,13,12,WA
51140,2012-10-02,NA,1,14,6,WA
51140,2012-10-02,NA,1,15,22,WA
51140,2012-10-02,NA,1,16,22,WA
51140,2012-10-02,NA,1,17,51,WA
51140,2012-10-02,NA,1,18,40,WA
51140,2012-10-02,NA,1,19,10,WA
51140,2012-10-02,NA,1,20,6,WA
51140,2012-10-02,NA,1,21,3,WA
51140,2012-10-03,NA,1,5,6,WA
51140,2012-10-03,NA,1,6,30,WA
51140,2012-10-03,NA,1,7,47,WA
51140,2012-10-03,NA,1,8,27,WA
51140,2012-10-03,NA,1,9,12,WA
51140,2012-10-03,NA,1,10,16,WA
51140,2012-10-03,NA,1,11,3,WA
51140,2012-10-03,NA,1,12,4,WA
51140,2012-10-03,NA,1,13,6,WA
51140,2012-10-03,NA,1,14,12,WA
51140,2012-10-03,NA,1,15,14,WA
51140,2012-10-03,NA,1,16,19,WA
51140,2012-10-03,NA,1,17,60,WA
51140,2012-10-03,NA,1,18,33,WA
51140,2012-10-03,NA,1,19,11,WA
51140,2012-10-03,NA,1,20,2,WA
51140,2012-10-03,NA,1,21,1,WA
51140,2012-10-03,NA,1,22,2,WA
51140,2012-10-04,NA,1,0,1,WA
51140,2012-10-04,NA,1,4,1,WA
51140,2012-10-04,NA,1,5,18,WA
51140,2012-10-04,NA,1,6,36,WA
51140,2012-10-04,NA,1,7,72,WA
51140,2012-10-04,NA,1,8,37,WA
51140,2012-10-04,NA,1,9,23,WA
51140,2012-10-04,NA,1,10,6,WA
51140,2012-10-04,NA,1,11,10,WA
51140,2012-10-04,NA,1,12,8,WA
51140,2012-10-04,NA,1,13,6,WA
51140,2012-10-04,NA,1,14,11,WA
51140,2012-10-04,NA,1,15,18,WA
51140,2012-10-04,NA,1,16,27,WA
51140,2012-10-04,NA,1,17,55,WA
51140,2012-10-04,NA,1,18,34,WA
51140,2012-10-04,NA,1,19,12,WA
51140,2012-10-04,NA,1,20,4,WA
51140,2012-10-04,NA,1,21,2,WA
51140,2012-10-04,NA,1,22,5,WA
51140,2012-10-04,NA,1,23,2,WA
51140,2012-10-05,NA,1,0,1,WA
51140,2012-10-05,NA,1,5,8,WA
51140,2012-10-05,NA,1,6,38,WA
51140,2012-10-05,NA,1,7,52,WA
51140,2012-10-05,NA,1,8,33,WA
51140,2012-10-05,NA,1,9,18,WA
51140,2012-10-05,NA,1,10,23,WA
51140,2012-10-05,NA,1,11,12,WA
51140,2012-10-05,NA,1,12,16,WA
51140,2012-10-05,NA,1,13,13,WA
51140,2012-10-05,NA,1,14,18,WA
51140,2012-10-05,NA,1,15,14,WA
51140,2012-10-05,NA,1,16,29,WA
51140,2012-10-05,NA,1,17,52,WA
51140,2012-10-05,NA,1,18,25,WA
51140,2012-10-05,NA,1,19,8,WA
51140,2012-10-05,NA,1,20,5,WA
51140,2012-10-05,NA,1,21,2,WA
51140,2012-10-05,NA,1,22,7,WA
51140,2012-10-05,NA,1,23,3,WA
51140,2012-10-06,NA,1,0,5,WA
51140,2012-10-06,NA,1,1,2,WA
51140,2012-10-06,NA,1,4,1,WA
51140,2012-10-06,NA,1,5,3,WA
51140,2012-10-06,NA,1,6,26,WA
51140,2012-10-06,NA,1,7,49,WA
51140,2012-10-06,NA,1,8,63,WA
51140,2012-10-06,NA,1,9,40,WA
51140,2012-10-06,NA,1,10,45,WA
51140,2012-10-06,NA,1,11,21,WA
51140,2012-10-06,NA,1,12,35,WA
51140,2012-10-06,NA,1,13,15,WA
51140,2012-10-06,NA,1,14,18,WA
51140,2012-10-06,NA,1,15,17,WA
51140,2012-10-06,NA,1,16,31,WA
51140,2012-10-06,NA,1,17,20,WA
51140,2012-10-06,NA,1,18,11,WA
51140,2012-10-06,NA,1,19,7,WA
51140,2012-10-06,NA,1,20,1,WA
51140,2012-10-06,NA,1,22,3,WA
51140,2012-10-06,NA,1,23,1,WA
51140,2012-10-07,NA,1,0,1,WA
51140,2012-10-07,NA,1,5,7,WA
51140,2012-10-07,NA,1,6,23,WA
51140,2012-10-07,NA,1,7,34,WA
51140,2012-10-07,NA,1,8,46,WA
51140,2012-10-07,NA,1,9,42,WA
51140,2012-10-07,NA,1,10,60,WA
51140,2012-10-07,NA,1,11,35,WA
51140,2012-10-07,NA,1,12,20,WA
51140,2012-10-07,NA,1,13,13,WA
51140,2012-10-07,NA,1,14,13,WA
51140,2012-10-07,NA,1,15,13,WA
51140,2012-10-07,NA,1,16,14,WA
51140,2012-10-07,NA,1,17,20,WA
51140,2012-10-07,NA,1,18,5,WA
51140,2012-10-07,NA,1,19,1,WA
51140,2012-10-07,NA,1,21,4,WA
51140,2012-10-07,NA,1,23,2,WA
51140,2012-10-08,NA,1,4,1,WA
51140,2012-10-08,NA,1,5,4,WA
51140,2012-10-08,NA,1,6,34,WA
51140,2012-10-08,NA,1,7,61,WA
51140,2012-10-08,NA,1,8,40,WA
51140,2012-10-08,NA,1,9,22,WA
51140,2012-10-08,NA,1,10,11,WA
51140,2012-10-08,NA,1,11,11,WA
51140,2012-10-08,NA,1,12,17,WA
51140,2012-10-08,NA,1,13,10,WA
51140,2012-10-08,NA,1,14,8,WA
51140,2012-10-08,NA,1,15,21,WA
51140,2012-10-08,NA,1,16,32,WA
51140,2012-10-08,NA,1,17,73,WA
51140,2012-10-08,NA,1,18,43,WA
51140,2012-10-08,NA,1,19,11,WA
51140,2012-10-08,NA,1,20,3,WA
51140,2012-10-08,NA,1,21,5,WA
51140,2012-10-08,NA,1,22,2,WA
51140,2012-10-08,NA,1,23,2,WA
51140,2012-10-09,NA,1,4,1,WA
51140,2012-10-09,NA,1,5,15,WA
51140,2012-10-09,NA,1,6,55,WA
51140,2012-10-09,NA,1,7,82,WA
51140,2012-10-09,NA,1,8,47,WA
51140,2012-10-09,NA,1,9,25,WA
51140,2012-10-09,NA,1,10,13,WA
51140,2012-10-09,NA,1,11,21,WA
51140,2012-10-09,NA,1,12,15,WA
51140,2012-10-09,NA,1,13,12,WA
51140,2012-10-09,NA,1,14,14,WA
51140,2012-10-09,NA,1,15,30,WA
51140,2012-10-09,NA,1,16,36,WA
51140,2012-10-09,NA,1,17,76,WA
51140,2012-10-09,NA,1,18,50,WA
51140,2012-10-09,NA,1,19,15,WA
51140,2012-10-09,NA,1,20,4,WA
51140,2012-10-09,NA,1,21,7,WA
51140,2012-10-09,NA,1,22,2,WA
51140,2012-10-09,NA,1,23,3,WA
51140,2012-10-10,NA,1,0,1,WA
51140,2012-10-10,NA,1,4,1,WA
51140,2012-10-10,NA,1,5,12,WA
51140,2012-10-10,NA,1,6,57,WA
51140,2012-10-10,NA,1,7,70,WA
51140,2012-10-10,NA,1,8,38,WA
51140,2012-10-10,NA,1,9,20,WA
51140,2012-10-10,NA,1,10,30,WA
51140,2012-10-10,NA,1,11,21,WA
51140,2012-10-10,NA,1,12,18,WA
51140,2012-10-10,NA,1,13,7,WA
51140,2012-10-10,NA,1,14,15,WA
51140,2012-10-10,NA,1,15,25,WA
51140,2012-10-10,NA,1,16,29,WA
51140,2012-10-10,NA,1,17,74,WA
51140,2012-10-10,NA,1,18,49,WA
51140,2012-10-10,NA,1,19,12,WA
51140,2012-10-10,NA,1,20,3,WA
51140,2012-10-10,NA,1,21,3,WA
51140,2012-10-10,NA,1,22,6,WA
51140,2012-10-10,NA,1,23,1,WA
51140,2012-10-11,NA,1,0,1,WA
51140,2012-10-11,NA,1,5,28,WA
51140,2012-10-11,NA,1,6,41,WA
51140,2012-10-11,NA,1,7,80,WA
51140,2012-10-11,NA,1,8,30,WA
51140,2012-10-11,NA,1,9,18,WA
51140,2012-10-11,NA,1,10,16,WA
51140,2012-10-11,NA,1,11,12,WA
51140,2012-10-11,NA,1,12,16,WA
51140,2012-10-11,NA,1,13,13,WA
51140,2012-10-11,NA,1,14,10,WA
51140,2012-10-11,NA,1,15,26,WA
51140,2012-10-11,NA,1,16,26,WA
51140,2012-10-11,NA,1,17,56,WA
51140,2012-10-11,NA,1,18,44,WA
51140,2012-10-11,NA,1,19,9,WA
51140,2012-10-11,NA,1,20,7,WA
51140,2012-10-11,NA,1,21,4,WA
51140,2012-10-11,NA,1,22,3,WA
51140,2012-10-11,NA,1,23,2,WA
51140,2012-10-12,NA,1,0,1,WA
51140,2012-10-12,NA,1,5,13,WA
51140,2012-10-12,NA,1,6,34,WA
51140,2012-10-12,NA,1,7,55,WA
51140,2012-10-12,NA,1,8,37,WA
51140,2012-10-12,NA,1,9,30,WA
51140,2012-10-12,NA,1,10,23,WA
51140,2012-10-12,NA,1,11,15,WA
51140,2012-10-12,NA,1,12,6,WA
51140,2012-10-12,NA,1,13,9,WA
51140,2012-10-12,NA,1,14,8,WA
51140,2012-10-12,NA,1,15,22,WA
51140,2012-10-12,NA,1,16,30,WA
51140,2012-10-12,NA,1,17,69,WA
51140,2012-10-12,NA,1,18,22,WA
51140,2012-10-12,NA,1,19,11,WA
51140,2012-10-12,NA,1,20,3,WA
51140,2012-10-12,NA,1,22,5,WA
51140,2012-10-13,NA,1,2,2,WA
51140,2012-10-13,NA,1,5,6,WA
51140,2012-10-13,NA,1,6,28,WA
51140,2012-10-13,NA,1,7,41,WA
51140,2012-10-13,NA,1,8,54,WA
51140,2012-10-13,NA,1,9,52,WA
51140,2012-10-13,NA,1,10,33,WA
51140,2012-10-13,NA,1,11,23,WA
51140,2012-10-13,NA,1,12,22,WA
51140,2012-10-13,NA,1,13,13,WA
51140,2012-10-13,NA,1,14,7,WA
51140,2012-10-13,NA,1,15,3,WA
51140,2012-10-13,NA,1,16,4,WA
51140,2012-10-13,NA,1,17,11,WA
51140,2012-10-13,NA,1,18,13,WA
51140,2012-10-13,NA,1,19,2,WA
51140,2012-10-13,NA,1,21,4,WA
51140,2012-10-13,NA,1,22,1,WA
51140,2012-10-13,NA,1,23,1,WA
51140,2012-10-14,NA,1,0,2,WA
51140,2012-10-14,NA,1,2,3,WA
51140,2012-10-14,NA,1,3,1,WA
51140,2012-10-14,NA,1,5,1,WA
51140,2012-10-14,NA,1,6,15,WA
51140,2012-10-14,NA,1,7,21,WA
51140,2012-10-14,NA,1,8,45,WA
51140,2012-10-14,NA,1,9,47,WA
51140,2012-10-14,NA,1,10,39,WA
51140,2012-10-14,NA,1,11,20,WA
51140,2012-10-14,NA,1,12,28,WA
51140,2012-10-14,NA,1,13,22,WA
51140,2012-10-14,NA,1,14,20,WA
51140,2012-10-14,NA,1,15,30,WA
51140,2012-10-14,NA,1,16,27,WA
51140,2012-10-14,NA,1,17,19,WA
51140,2012-10-14,NA,1,18,9,WA
51140,2012-10-14,NA,1,20,2,WA
51140,2012-10-14,NA,1,21,2,WA
51140,2012-10-14,NA,1,22,1,WA
51140,2012-10-14,NA,1,23,1,WA
51140,2012-10-15,NA,1,4,1,WA
51140,2012-10-15,NA,1,5,5,WA
51140,2012-10-15,NA,1,6,30,WA
51140,2012-10-15,NA,1,7,55,WA
51140,2012-10-15,NA,1,8,31,WA
51140,2012-10-15,NA,1,9,20,WA
51140,2012-10-15,NA,1,10,10,WA
51140,2012-10-15,NA,1,11,13,WA
51140,2012-10-15,NA,1,12,12,WA
51140,2012-10-15,NA,1,13,10,WA
51140,2012-10-15,NA,1,14,12,WA
51140,2012-10-15,NA,1,15,24,WA
51140,2012-10-15,NA,1,16,26,WA
51140,2012-10-15,NA,1,17,60,WA
51140,2012-10-15,NA,1,18,41,WA
51140,2012-10-15,NA,1,19,15,WA
51140,2012-10-15,NA,1,20,5,WA
51140,2012-10-15,NA,1,21,3,WA
51140,2012-10-15,NA,1,23,1,WA
51140,2012-10-16,NA,NA,0,2,WA
51140,2012-10-16,NA,NA,2,1,WA
51140,2012-10-16,NA,NA,4,1,WA
51140,2012-10-16,NA,NA,5,14,WA
51140,2012-10-16,NA,NA,6,57,WA
51140,2012-10-16,NA,NA,7,95,WA
51140,2012-10-16,NA,NA,8,40,WA
51140,2012-10-16,NA,NA,9,20,WA
51140,2012-10-16,NA,NA,10,10,WA
51140,2012-10-16,NA,NA,11,16,WA
51140,2012-10-16,NA,NA,12,7,WA
51140,2012-10-16,NA,NA,13,18,WA
51140,2012-10-16,NA,NA,14,12,WA
51140,2012-10-16,NA,NA,15,26,WA
51140,2012-10-16,NA,NA,16,30,WA
51140,2012-10-16,NA,NA,17,60,WA
51140,2012-10-16,NA,NA,18,50,WA
51140,2012-10-16,NA,NA,19,9,WA
51140,2012-10-16,NA,NA,20,7,WA
51140,2012-10-16,NA,NA,21,2,WA
51140,2012-10-16,NA,NA,22,1,WA
51140,2012-10-16,NA,NA,23,2,WA
51140,2012-10-17,NA,NA,0,4,WA
51140,2012-10-17,NA,NA,2,1,WA
51140,2012-10-17,NA,NA,4,1,WA
51140,2012-10-17,NA,NA,5,15,WA
51140,2012-10-17,NA,NA,6,71,WA
51140,2012-10-17,NA,NA,7,85,WA
51140,2012-10-17,NA,NA,8,41,WA
51140,2012-10-17,NA,NA,9,27,WA
51140,2012-10-17,NA,NA,10,39,WA
51140,2012-10-17,NA,NA,11,10,WA
51140,2012-10-17,NA,NA,12,12,WA
51140,2012-10-17,NA,NA,13,14,WA
51140,2012-10-17,NA,NA,14,12,WA
51140,2012-10-17,NA,NA,15,22,WA
51140,2012-10-17,NA,NA,16,34,WA
51140,2012-10-17,NA,NA,17,84,WA
51140,2012-10-17,NA,NA,18,48,WA
51140,2012-10-17,NA,NA,19,18,WA
51140,2012-10-17,NA,NA,20,10,WA
51140,2012-10-17,NA,NA,21,4,WA
51140,2012-10-17,NA,NA,22,6,WA
51140,2012-10-18,NA,NA,0,3,WA
51140,2012-10-18,NA,NA,1,1,WA
51140,2012-10-18,NA,NA,4,1,WA
51140,2012-10-18,NA,NA,5,24,WA
51140,2012-10-18,NA,NA,6,35,WA
51140,2012-10-18,NA,NA,7,91,WA
51140,2012-10-18,NA,NA,8,38,WA
51140,2012-10-18,NA,NA,9,20,WA
51140,2012-10-18,NA,NA,10,16,WA
51140,2012-10-18,NA,NA,11,14,WA
51140,2012-10-18,NA,NA,12,14,WA
51140,2012-10-18,NA,NA,13,13,WA
51140,2012-10-18,NA,NA,14,17,WA
51140,2012-10-18,NA,NA,15,20,WA
51140,2012-10-18,NA,NA,16,24,WA
51140,2012-10-18,NA,NA,17,55,WA
51140,2012-10-18,NA,NA,18,38,WA
51140,2012-10-18,NA,NA,19,13,WA
51140,2012-10-18,NA,NA,20,3,WA
51140,2012-10-18,NA,NA,21,5,WA
51140,2012-10-18,NA,NA,22,4,WA
51140,2012-10-18,NA,NA,23,2,WA
51140,2012-10-19,NA,NA,1,2,WA
51140,2012-10-19,NA,NA,2,1,WA
51140,2012-10-19,NA,NA,4,1,WA
51140,2012-10-19,NA,NA,5,14,WA
51140,2012-10-19,NA,NA,6,29,WA
51140,2012-10-19,NA,NA,7,57,WA
51140,2012-10-19,NA,NA,8,39,WA
51140,2012-10-19,NA,NA,9,17,WA
51140,2012-10-19,NA,NA,10,20,WA
51140,2012-10-19,NA,NA,11,5,WA
51140,2012-10-19,NA,NA,12,8,WA
51140,2012-10-19,NA,NA,13,16,WA
51140,2012-10-19,NA,NA,14,9,WA
51140,2012-10-19,NA,NA,15,20,WA
51140,2012-10-19,NA,NA,16,31,WA
51140,2012-10-19,NA,NA,17,47,WA
51140,2012-10-19,NA,NA,18,29,WA
51140,2012-10-19,NA,NA,19,7,WA
51140,2012-10-19,NA,NA,20,3,WA
51140,2012-10-19,NA,NA,21,4,WA
51140,2012-10-19,NA,NA,22,3,WA
51140,2012-10-19,NA,NA,23,3,WA
51140,2012-10-20,NA,NA,0,1,WA
51140,2012-10-20,NA,NA,1,1,WA
51140,2012-10-20,NA,NA,2,1,WA
51140,2012-10-20,NA,NA,5,20,WA
51140,2012-10-20,NA,NA,6,32,WA
51140,2012-10-20,NA,NA,7,50,WA
51140,2012-10-20,NA,NA,8,48,WA
51140,2012-10-20,NA,NA,9,63,WA
51140,2012-10-20,NA,NA,10,38,WA
51140,2012-10-20,NA,NA,11,34,WA
51140,2012-10-20,NA,NA,12,35,WA
51140,2012-10-20,NA,NA,13,23,WA
51140,2012-10-20,NA,NA,14,23,WA
51140,2012-10-20,NA,NA,15,21,WA
51140,2012-10-20,NA,NA,16,13,WA
51140,2012-10-20,NA,NA,17,16,WA
51140,2012-10-20,NA,NA,18,8,WA
51140,2012-10-20,NA,NA,19,4,WA
51140,2012-10-20,NA,NA,20,4,WA
51140,2012-10-20,NA,NA,21,3,WA
51140,2012-10-20,NA,NA,22,2,WA
51140,2012-10-20,NA,NA,23,2,WA
51140,2012-10-21,NA,NA,0,3,WA
51140,2012-10-21,NA,NA,5,3,WA
51140,2012-10-21,NA,NA,6,15,WA
51140,2012-10-21,NA,NA,7,48,WA
51140,2012-10-21,NA,NA,8,49,WA
51140,2012-10-21,NA,NA,9,82,WA
51140,2012-10-21,NA,NA,10,75,WA
51140,2012-10-21,NA,NA,11,31,WA
51140,2012-10-21,NA,NA,12,42,WA
51140,2012-10-21,NA,NA,13,11,WA
51140,2012-10-21,NA,NA,14,23,WA
51140,2012-10-21,NA,NA,15,20,WA
51140,2012-10-21,NA,NA,16,30,WA
51140,2012-10-21,NA,NA,17,17,WA
51140,2012-10-21,NA,NA,18,16,WA
51140,2012-10-21,NA,NA,19,3,WA
51140,2012-10-21,NA,NA,20,1,WA
51140,2012-10-21,NA,NA,21,2,WA
51140,2012-10-21,NA,NA,22,3,WA
51140,2012-10-22,NA,NA,0,1,WA
51140,2012-10-22,NA,NA,4,1,WA
51140,2012-10-22,NA,NA,5,6,WA
51140,2012-10-22,NA,NA,6,9,WA
51140,2012-10-22,NA,NA,7,32,WA
51140,2012-10-22,NA,NA,8,19,WA
51140,2012-10-22,NA,NA,9,13,WA
51140,2012-10-22,NA,NA,10,3,WA
51140,2012-10-22,NA,NA,11,5,WA
51140,2012-10-22,NA,NA,12,4,WA
51140,2012-10-22,NA,NA,13,9,WA
51140,2012-10-22,NA,NA,14,6,WA
51140,2012-10-22,NA,NA,15,23,WA
51140,2012-10-22,NA,NA,16,17,WA
51140,2012-10-22,NA,NA,17,29,WA
51140,2012-10-22,NA,NA,18,36,WA
51140,2012-10-22,NA,NA,19,6,WA
51140,2012-10-22,NA,NA,20,6,WA
51140,2012-10-22,NA,NA,21,4,WA
51140,2012-10-22,NA,NA,22,2,WA
51140,2012-10-23,NA,NA,4,1,WA
51140,2012-10-23,NA,NA,5,15,WA
51140,2012-10-23,NA,NA,6,47,WA
51140,2012-10-23,NA,NA,7,89,WA
51140,2012-10-23,NA,NA,8,37,WA
51140,2012-10-23,NA,NA,9,16,WA
51140,2012-10-23,NA,NA,10,18,WA
51140,2012-10-23,NA,NA,11,7,WA
51140,2012-10-23,NA,NA,12,13,WA
51140,2012-10-23,NA,NA,13,17,WA
51140,2012-10-23,NA,NA,14,11,WA
51140,2012-10-23,NA,NA,15,31,WA
51140,2012-10-23,NA,NA,16,31,WA
51140,2012-10-23,NA,NA,17,57,WA
51140,2012-10-23,NA,NA,18,51,WA
51140,2012-10-23,NA,NA,19,11,WA
51140,2012-10-23,NA,NA,20,7,WA
51140,2012-10-23,NA,NA,22,1,WA
51140,2012-10-24,NA,NA,4,1,WA
51140,2012-10-24,NA,NA,5,18,WA
51140,2012-10-24,NA,NA,6,42,WA
51140,2012-10-24,NA,NA,7,76,WA
51140,2012-10-24,NA,NA,8,52,WA
51140,2012-10-24,NA,NA,9,22,WA
51140,2012-10-24,NA,NA,10,8,WA
51140,2012-10-24,NA,NA,11,21,WA
51140,2012-10-24,NA,NA,12,9,WA
51140,2012-10-24,NA,NA,13,4,WA
51140,2012-10-24,NA,NA,14,9,WA
51140,2012-10-24,NA,NA,15,28,WA
51140,2012-10-24,NA,NA,16,34,WA
51140,2012-10-24,NA,NA,17,55,WA
51140,2012-10-24,NA,NA,18,46,WA
51140,2012-10-24,NA,NA,19,19,WA
51140,2012-10-24,NA,NA,20,5,WA
51140,2012-10-24,NA,NA,21,2,WA
51140,2012-10-24,NA,NA,22,2,WA
51140,2012-10-24,NA,NA,23,1,WA
51140,2012-10-25,NA,NA,0,3,WA
51140,2012-10-25,NA,NA,4,1,WA
51140,2012-10-25,NA,NA,5,33,WA
51140,2012-10-25,NA,NA,6,37,WA
51140,2012-10-25,NA,NA,7,74,WA
51140,2012-10-25,NA,NA,8,37,WA
51140,2012-10-25,NA,NA,9,26,WA
51140,2012-10-25,NA,NA,10,12,WA
51140,2012-10-25,NA,NA,11,13,WA
51140,2012-10-25,NA,NA,12,11,WA
51140,2012-10-25,NA,NA,13,10,WA
51140,2012-10-25,NA,NA,14,10,WA
51140,2012-10-25,NA,NA,15,13,WA
51140,2012-10-25,NA,NA,16,26,WA
51140,2012-10-25,NA,NA,17,56,WA
51140,2012-10-25,NA,NA,18,43,WA
51140,2012-10-25,NA,NA,19,14,WA
51140,2012-10-25,NA,NA,20,7,WA
51140,2012-10-25,NA,NA,21,1,WA
51140,2012-10-25,NA,NA,22,7,WA
51140,2012-10-26,NA,NA,0,1,WA
51140,2012-10-26,NA,NA,4,1,WA
51140,2012-10-26,NA,NA,5,7,WA
51140,2012-10-26,NA,NA,6,40,WA
51140,2012-10-26,NA,NA,7,65,WA
51140,2012-10-26,NA,NA,8,38,WA
51140,2012-10-26,NA,NA,9,27,WA
51140,2012-10-26,NA,NA,10,22,WA
51140,2012-10-26,NA,NA,11,11,WA
51140,2012-10-26,NA,NA,12,8,WA
51140,2012-10-26,NA,NA,13,10,WA
51140,2012-10-26,NA,NA,14,19,WA
51140,2012-10-26,NA,NA,15,17,WA
51140,2012-10-26,NA,NA,16,33,WA
51140,2012-10-26,NA,NA,17,46,WA
51140,2012-10-26,NA,NA,18,23,WA
51140,2012-10-26,NA,NA,19,13,WA
51140,2012-10-26,NA,NA,20,5,WA
51140,2012-10-26,NA,NA,21,7,WA
51140,2012-10-26,NA,NA,22,7,WA
51140,2012-10-26,NA,NA,23,3,WA
51140,2012-10-27,NA,NA,0,3,WA
51140,2012-10-27,NA,NA,2,2,WA
51140,2012-10-27,NA,NA,5,20,WA
51140,2012-10-27,NA,NA,6,38,WA
51140,2012-10-27,NA,NA,7,58,WA
51140,2012-10-27,NA,NA,8,72,WA
51140,2012-10-27,NA,NA,9,62,WA
51140,2012-10-27,NA,NA,10,50,WA
51140,2012-10-27,NA,NA,11,31,WA
51140,2012-10-27,NA,NA,12,22,WA
51140,2012-10-27,NA,NA,13,17,WA
51140,2012-10-27,NA,NA,14,8,WA
51140,2012-10-27,NA,NA,15,29,WA
51140,2012-10-27,NA,NA,16,14,WA
51140,2012-10-27,NA,NA,17,18,WA
51140,2012-10-27,NA,NA,18,19,WA
51140,2012-10-27,NA,NA,19,9,WA
51140,2012-10-27,NA,NA,20,1,WA
51140,2012-10-27,NA,NA,21,2,WA
51140,2012-10-27,NA,NA,23,1,WA
51140,2012-10-28,NA,NA,1,1,WA
51140,2012-10-28,NA,NA,2,1,WA
51140,2012-10-28,NA,NA,5,2,WA
51140,2012-10-28,NA,NA,6,27,WA
51140,2012-10-28,NA,NA,7,53,WA
51140,2012-10-28,NA,NA,8,59,WA
51140,2012-10-28,NA,NA,9,65,WA
51140,2012-10-28,NA,NA,10,47,WA
51140,2012-10-28,NA,NA,11,29,WA
51140,2012-10-28,NA,NA,12,13,WA
51140,2012-10-28,NA,NA,13,8,WA
51140,2012-10-28,NA,NA,14,9,WA
51140,2012-10-28,NA,NA,15,8,WA
51140,2012-10-28,NA,NA,16,14,WA
51140,2012-10-28,NA,NA,17,19,WA
51140,2012-10-28,NA,NA,18,6,WA
51140,2012-10-28,NA,NA,19,4,WA
51140,2012-10-28,NA,NA,20,1,WA
51140,2012-10-28,NA,NA,21,3,WA
51140,2012-10-28,NA,NA,22,1,WA
51140,2012-10-29,NA,NA,3,2,WA
51140,2012-10-29,NA,NA,4,1,WA
51140,2012-10-29,NA,NA,5,13,WA
51140,2012-10-29,NA,NA,6,37,WA
51140,2012-10-29,NA,NA,7,83,WA
51140,2012-10-29,NA,NA,8,41,WA
51140,2012-10-29,NA,NA,9,18,WA
51140,2012-10-29,NA,NA,10,8,WA
51140,2012-10-29,NA,NA,11,20,WA
51140,2012-10-29,NA,NA,12,16,WA
51140,2012-10-29,NA,NA,13,10,WA
51140,2012-10-29,NA,NA,14,13,WA
51140,2012-10-29,NA,NA,15,21,WA
51140,2012-10-29,NA,NA,16,36,WA
51140,2012-10-29,NA,NA,17,80,WA
51140,2012-10-29,NA,NA,18,49,WA
51140,2012-10-29,NA,NA,19,17,WA
51140,2012-10-29,NA,NA,20,4,WA
51140,2012-10-29,NA,NA,21,4,WA
51140,2012-10-29,NA,NA,23,1,WA
51140,2012-10-30,NA,NA,0,1,WA
51140,2012-10-30,NA,NA,4,1,WA
51140,2012-10-30,NA,NA,5,21,WA
51140,2012-10-30,NA,NA,6,68,WA
51140,2012-10-30,NA,NA,7,107,WA
51140,2012-10-30,NA,NA,8,29,WA
51140,2012-10-30,NA,NA,9,12,WA
51140,2012-10-30,NA,NA,10,8,WA
51140,2012-10-30,NA,NA,11,12,WA
51140,2012-10-30,NA,NA,12,22,WA
51140,2012-10-30,NA,NA,13,8,WA
51140,2012-10-30,NA,NA,14,6,WA
51140,2012-10-30,NA,NA,15,22,WA
51140,2012-10-30,NA,NA,16,34,WA
51140,2012-10-30,NA,NA,17,61,WA
51140,2012-10-30,NA,NA,18,52,WA
51140,2012-10-30,NA,NA,19,27,WA
51140,2012-10-30,NA,NA,20,4,WA
51140,2012-10-30,NA,NA,21,21,WA
51140,2012-10-30,NA,NA,22,2,WA
51140,2012-10-30,NA,NA,23,1,WA
51140,2012-10-31,NA,NA,0,1,WA
51140,2012-10-31,NA,NA,4,1,WA
51140,2012-10-31,NA,NA,5,18,WA
51140,2012-10-31,NA,NA,6,37,WA
51140,2012-10-31,NA,NA,7,64,WA
51140,2012-10-31,NA,NA,8,28,WA
51140,2012-10-31,NA,NA,9,8,WA
51140,2012-10-31,NA,NA,10,17,WA
51140,2012-10-31,NA,NA,11,9,WA
51140,2012-10-31,NA,NA,12,2,WA
51140,2012-10-31,NA,NA,13,4,WA
51140,2012-10-31,NA,NA,14,14,WA
51140,2012-10-31,NA,NA,15,21,WA
51140,2012-10-31,NA,NA,16,25,WA
51140,2012-10-31,NA,NA,17,41,WA
51140,2012-10-31,NA,NA,18,35,WA
51140,2012-10-31,NA,NA,19,13,WA
51140,2012-10-31,NA,NA,20,3,WA
51140,2012-10-31,NA,NA,21,2,WA
51140,2012-10-31,NA,NA,22,2,WA
51140,2012-10-31,NA,NA,23,1,WA
51140,2012-11-01,NA,NA,0,1,WA
51140,2012-11-01,NA,NA,2,1,WA
51140,2012-11-01,NA,NA,5,25,WA
51140,2012-11-01,NA,NA,6,29,WA
51140,2012-11-01,NA,NA,7,73,WA
51140,2012-11-01,NA,NA,8,32,WA
51140,2012-11-01,NA,NA,9,15,WA
51140,2012-11-01,NA,NA,10,14,WA
51140,2012-11-01,NA,NA,11,11,WA
51140,2012-11-01,NA,NA,12,11,WA
51140,2012-11-01,NA,NA,13,13,WA
51140,2012-11-01,NA,NA,14,5,WA
51140,2012-11-01,NA,NA,15,20,WA
51140,2012-11-01,NA,NA,16,36,WA
51140,2012-11-01,NA,NA,17,58,WA
51140,2012-11-01,NA,NA,18,48,WA
51140,2012-11-01,NA,NA,19,8,WA
51140,2012-11-01,NA,NA,20,6,WA
51140,2012-11-01,NA,NA,21,5,WA
51140,2012-11-01,NA,NA,22,3,WA
51140,2012-11-01,NA,NA,23,2,WA
51140,2012-11-02,NA,NA,1,2,WA
51140,2012-11-02,NA,NA,3,3,WA
51140,2012-11-02,NA,NA,4,1,WA
51140,2012-11-02,NA,NA,5,10,WA
51140,2012-11-02,NA,NA,6,33,WA
51140,2012-11-02,NA,NA,7,57,WA
51140,2012-11-02,NA,NA,8,38,WA
51140,2012-11-02,NA,NA,9,26,WA
51140,2012-11-02,NA,NA,10,18,WA
51140,2012-11-02,NA,NA,11,14,WA
51140,2012-11-02,NA,NA,12,12,WA
51140,2012-11-02,NA,NA,13,10,WA
51140,2012-11-02,NA,NA,14,7,WA
51140,2012-11-02,NA,NA,15,24,WA
51140,2012-11-02,NA,NA,16,20,WA
51140,2012-11-02,NA,NA,17,34,WA
51140,2012-11-02,NA,NA,18,26,WA
51140,2012-11-02,NA,NA,19,9,WA
51140,2012-11-02,NA,NA,20,1,WA
51140,2012-11-02,NA,NA,21,2,WA
51140,2012-11-02,NA,NA,22,2,WA
51140,2012-11-02,NA,NA,23,5,WA
51140,2012-11-03,NA,NA,3,1,WA
51140,2012-11-03,NA,NA,5,8,WA
51140,2012-11-03,NA,NA,6,37,WA
51140,2012-11-03,NA,NA,7,39,WA
51140,2012-11-03,NA,NA,8,49,WA
51140,2012-11-03,NA,NA,9,60,WA
51140,2012-11-03,NA,NA,10,33,WA
51140,2012-11-03,NA,NA,11,12,WA
51140,2012-11-03,NA,NA,12,18,WA
51140,2012-11-03,NA,NA,13,14,WA
51140,2012-11-03,NA,NA,14,2,WA
51140,2012-11-03,NA,NA,15,1,WA
51140,2012-11-03,NA,NA,16,11,WA
51140,2012-11-03,NA,NA,17,3,WA
51140,2012-11-03,NA,NA,18,6,WA
51140,2012-11-03,NA,NA,19,4,WA
51140,2012-11-03,NA,NA,21,1,WA
51140,2012-11-03,NA,NA,23,2,WA
51140,2012-11-04,NA,NA,6,10,WA
51140,2012-11-04,NA,NA,7,24,WA
51140,2012-11-04,NA,NA,8,19,WA
51140,2012-11-04,NA,NA,9,13,WA
51140,2012-11-04,NA,NA,10,13,WA
51140,2012-11-04,NA,NA,11,10,WA
51140,2012-11-04,NA,NA,12,8,WA
51140,2012-11-04,NA,NA,13,2,WA
51140,2012-11-04,NA,NA,14,14,WA
51140,2012-11-04,NA,NA,15,7,WA
51140,2012-11-04,NA,NA,16,8,WA
51140,2012-11-04,NA,NA,17,7,WA
51140,2012-11-04,NA,NA,18,2,WA
51140,2012-11-04,NA,NA,19,3,WA
51140,2012-11-05,NA,NA,4,2,WA
51140,2012-11-05,NA,NA,5,13,WA
51140,2012-11-05,NA,NA,6,27,WA
51140,2012-11-05,NA,NA,7,42,WA
51140,2012-11-05,NA,NA,8,30,WA
51140,2012-11-05,NA,NA,9,9,WA
51140,2012-11-05,NA,NA,10,6,WA
51140,2012-11-05,NA,NA,11,8,WA
51140,2012-11-05,NA,NA,12,11,WA
51140,2012-11-05,NA,NA,13,6,WA
51140,2012-11-05,NA,NA,14,2,WA
51140,2012-11-05,NA,NA,15,14,WA
51140,2012-11-05,NA,NA,16,23,WA
51140,2012-11-05,NA,NA,17,34,WA
51140,2012-11-05,NA,NA,18,36,WA
51140,2012-11-05,NA,NA,19,6,WA
51140,2012-11-05,NA,NA,20,2,WA
51140,2012-11-05,NA,NA,21,3,WA
51140,2012-11-05,NA,NA,22,1,WA
51140,2012-11-05,NA,NA,23,1,WA
51140,2012-11-06,NA,NA,0,2,WA
51140,2012-11-06,NA,NA,2,1,WA
51140,2012-11-06,NA,NA,3,1,WA
51140,2012-11-06,NA,NA,4,2,WA
51140,2012-11-06,NA,NA,5,22,WA
51140,2012-11-06,NA,NA,6,55,WA
51140,2012-11-06,NA,NA,7,74,WA
51140,2012-11-06,NA,NA,8,26,WA
51140,2012-11-06,NA,NA,9,13,WA
51140,2012-11-06,NA,NA,10,9,WA
51140,2012-11-06,NA,NA,11,17,WA
51140,2012-11-06,NA,NA,12,13,WA
51140,2012-11-06,NA,NA,13,14,WA
51140,2012-11-06,NA,NA,14,10,WA
51140,2012-11-06,NA,NA,15,18,WA
51140,2012-11-06,NA,NA,16,40,WA
51140,2012-11-06,NA,NA,17,49,WA
51140,2012-11-06,NA,NA,18,50,WA
51140,2012-11-06,NA,NA,19,9,WA
51140,2012-11-06,NA,NA,20,5,WA
51140,2012-11-06,NA,NA,21,4,WA
51140,2012-11-06,NA,NA,22,4,WA
51140,2012-11-07,NA,NA,4,1,WA
51140,2012-11-07,NA,NA,5,16,WA
51140,2012-11-07,NA,NA,6,58,WA
51140,2012-11-07,NA,NA,7,75,WA
51140,2012-11-07,NA,NA,8,37,WA
51140,2012-11-07,NA,NA,9,22,WA
51140,2012-11-07,NA,NA,10,12,WA
51140,2012-11-07,NA,NA,11,21,WA
51140,2012-11-07,NA,NA,12,10,WA
51140,2012-11-07,NA,NA,13,9,WA
51140,2012-11-07,NA,NA,14,8,WA
51140,2012-11-07,NA,NA,15,17,WA
51140,2012-11-07,NA,NA,16,35,WA
51140,2012-11-07,NA,NA,17,59,WA
51140,2012-11-07,NA,NA,18,53,WA
51140,2012-11-07,NA,NA,19,10,WA
51140,2012-11-07,NA,NA,20,6,WA
51140,2012-11-07,NA,NA,21,1,WA
51140,2012-11-07,NA,NA,22,3,WA
51140,2012-11-08,NA,NA,0,1,WA
51140,2012-11-08,NA,NA,5,24,WA
51140,2012-11-08,NA,NA,6,41,WA
51140,2012-11-08,NA,NA,7,82,WA
51140,2012-11-08,NA,NA,8,52,WA
51140,2012-11-08,NA,NA,9,17,WA
51140,2012-11-08,NA,NA,10,20,WA
51140,2012-11-08,NA,NA,11,12,WA
51140,2012-11-08,NA,NA,12,7,WA
51140,2012-11-08,NA,NA,13,14,WA
51140,2012-11-08,NA,NA,14,4,WA
51140,2012-11-08,NA,NA,15,27,WA
51140,2012-11-08,NA,NA,16,40,WA
51140,2012-11-08,NA,NA,17,55,WA
51140,2012-11-08,NA,NA,18,44,WA
51140,2012-11-08,NA,NA,19,11,WA
51140,2012-11-08,NA,NA,20,1,WA
51140,2012-11-08,NA,NA,21,2,WA
51140,2012-11-08,NA,NA,22,5,WA
51140,2012-11-09,NA,NA,4,1,WA
51140,2012-11-09,NA,NA,5,23,WA
51140,2012-11-09,NA,NA,6,49,WA
51140,2012-11-09,NA,NA,7,73,WA
51140,2012-11-09,NA,NA,8,46,WA
51140,2012-11-09,NA,NA,9,20,WA
51140,2012-11-09,NA,NA,10,27,WA
51140,2012-11-09,NA,NA,11,18,WA
51140,2012-11-09,NA,NA,12,20,WA
51140,2012-11-09,NA,NA,13,14,WA
51140,2012-11-09,NA,NA,14,13,WA
51140,2012-11-09,NA,NA,15,32,WA
51140,2012-11-09,NA,NA,16,41,WA
51140,2012-11-09,NA,NA,17,45,WA
51140,2012-11-09,NA,NA,18,36,WA
51140,2012-11-09,NA,NA,19,5,WA
51140,2012-11-09,NA,NA,20,5,WA
51140,2012-11-09,NA,NA,21,1,WA
51140,2012-11-09,NA,NA,22,4,WA
51140,2012-11-09,NA,NA,23,1,WA
51140,2012-11-10,NA,NA,4,1,WA
51140,2012-11-10,NA,NA,5,9,WA
51140,2012-11-10,NA,NA,6,36,WA
51140,2012-11-10,NA,NA,7,27,WA
51140,2012-11-10,NA,NA,8,61,WA
51140,2012-11-10,NA,NA,9,51,WA
51140,2012-11-10,NA,NA,10,46,WA
51140,2012-11-10,NA,NA,11,51,WA
51140,2012-11-10,NA,NA,12,22,WA
51140,2012-11-10,NA,NA,13,21,WA
51140,2012-11-10,NA,NA,14,29,WA
51140,2012-11-10,NA,NA,15,26,WA
51140,2012-11-10,NA,NA,16,11,WA
51140,2012-11-10,NA,NA,17,10,WA
51140,2012-11-10,NA,NA,18,18,WA
51140,2012-11-10,NA,NA,19,14,WA
51140,2012-11-10,NA,NA,20,3,WA
51140,2012-11-10,NA,NA,21,1,WA
51140,2012-11-10,NA,NA,22,14,WA
51140,2012-11-10,NA,NA,23,3,WA
51140,2012-11-11,NA,NA,0,1,WA
51140,2012-11-11,NA,NA,5,4,WA
51140,2012-11-11,NA,NA,6,21,WA
51140,2012-11-11,NA,NA,7,31,WA
51140,2012-11-11,NA,NA,8,56,WA
51140,2012-11-11,NA,NA,9,57,WA
51140,2012-11-11,NA,NA,10,43,WA
51140,2012-11-11,NA,NA,11,33,WA
51140,2012-11-11,NA,NA,12,25,WA
51140,2012-11-11,NA,NA,13,29,WA
51140,2012-11-11,NA,NA,14,26,WA
51140,2012-11-11,NA,NA,15,27,WA
51140,2012-11-11,NA,NA,16,26,WA
51140,2012-11-11,NA,NA,17,24,WA
51140,2012-11-11,NA,NA,18,13,WA
51140,2012-11-11,NA,NA,19,8,WA
51140,2012-11-11,NA,NA,21,3,WA
51140,2012-11-11,NA,NA,22,1,WA
51140,2012-11-12,NA,NA,1,1,WA
51140,2012-11-12,NA,NA,4,1,WA
51140,2012-11-12,NA,NA,5,10,WA
51140,2012-11-12,NA,NA,6,42,WA
51140,2012-11-12,NA,NA,7,72,WA
51140,2012-11-12,NA,NA,8,45,WA
51140,2012-11-12,NA,NA,9,22,WA
51140,2012-11-12,NA,NA,10,8,WA
51140,2012-11-12,NA,NA,11,13,WA
51140,2012-11-12,NA,NA,12,12,WA
51140,2012-11-12,NA,NA,13,10,WA
51140,2012-11-12,NA,NA,14,5,WA
51140,2012-11-12,NA,NA,15,26,WA
51140,2012-11-12,NA,NA,16,28,WA
51140,2012-11-12,NA,NA,17,66,WA
51140,2012-11-12,NA,NA,18,52,WA
51140,2012-11-12,NA,NA,19,11,WA
51140,2012-11-12,NA,NA,20,4,WA
51140,2012-11-12,NA,NA,21,6,WA
51140,2012-11-13,NA,NA,4,1,WA
51140,2012-11-13,NA,NA,5,25,WA
51140,2012-11-13,NA,NA,6,55,WA
51140,2012-11-13,NA,NA,7,93,WA
51140,2012-11-13,NA,NA,8,50,WA
51140,2012-11-13,NA,NA,9,21,WA
51140,2012-11-13,NA,NA,10,15,WA
51140,2012-11-13,NA,NA,11,12,WA
51140,2012-11-13,NA,NA,12,16,WA
51140,2012-11-13,NA,NA,13,12,WA
51140,2012-11-13,NA,NA,14,11,WA
51140,2012-11-13,NA,NA,15,24,WA
51140,2012-11-13,NA,NA,16,43,WA
51140,2012-11-13,NA,NA,17,71,WA
51140,2012-11-13,NA,NA,18,59,WA
51140,2012-11-13,NA,NA,19,14,WA
51140,2012-11-13,NA,NA,20,6,WA
51140,2012-11-13,NA,NA,21,4,WA
51140,2012-11-13,NA,NA,22,1,WA
51140,2012-11-14,NA,NA,4,1,WA
51140,2012-11-14,NA,NA,5,17,WA
51140,2012-11-14,NA,NA,6,57,WA
51140,2012-11-14,NA,NA,7,83,WA
51140,2012-11-14,NA,NA,8,56,WA
51140,2012-11-14,NA,NA,9,43,WA
51140,2012-11-14,NA,NA,10,19,WA
51140,2012-11-14,NA,NA,11,13,WA
51140,2012-11-14,NA,NA,12,12,WA
51140,2012-11-14,NA,NA,13,9,WA
51140,2012-11-14,NA,NA,14,12,WA
51140,2012-11-14,NA,NA,15,18,WA
51140,2012-11-14,NA,NA,16,29,WA
51140,2012-11-14,NA,NA,17,58,WA
51140,2012-11-14,NA,NA,18,53,WA
51140,2012-11-14,NA,NA,19,15,WA
51140,2012-11-14,NA,NA,20,4,WA
51140,2012-11-14,NA,NA,21,1,WA
51140,2012-11-14,NA,NA,22,3,WA
51140,2012-11-15,NA,NA,2,1,WA
51140,2012-11-15,NA,NA,4,1,WA
51140,2012-11-15,NA,NA,5,28,WA
51140,2012-11-15,NA,NA,6,52,WA
51140,2012-11-15,NA,NA,7,90,WA
51140,2012-11-15,NA,NA,8,54,WA
51140,2012-11-15,NA,NA,9,16,WA
51140,2012-11-15,NA,NA,10,29,WA
51140,2012-11-15,NA,NA,11,18,WA
51140,2012-11-15,NA,NA,12,11,WA
51140,2012-11-15,NA,NA,13,11,WA
51140,2012-11-15,NA,NA,14,14,WA
51140,2012-11-15,NA,NA,15,24,WA
51140,2012-11-15,NA,NA,16,33,WA
51140,2012-11-15,NA,NA,17,76,WA
51140,2012-11-15,NA,NA,18,38,WA
51140,2012-11-15,NA,NA,19,10,WA
51140,2012-11-15,NA,NA,20,5,WA
51140,2012-11-15,NA,NA,21,5,WA
51140,2012-11-15,NA,NA,22,2,WA
51140,2012-11-15,NA,NA,23,1,WA
51140,2012-11-16,NA,NA,0,2,WA
51140,2012-11-16,NA,NA,1,1,WA
51140,2012-11-16,NA,NA,5,15,WA
51140,2012-11-16,NA,NA,6,35,WA
51140,2012-11-16,NA,NA,7,66,WA
51140,2012-11-16,NA,NA,8,31,WA
51140,2012-11-16,NA,NA,9,29,WA
51140,2012-11-16,NA,NA,10,17,WA
51140,2012-11-16,NA,NA,11,16,WA
51140,2012-11-16,NA,NA,12,14,WA
51140,2012-11-16,NA,NA,13,15,WA
51140,2012-11-16,NA,NA,14,12,WA
51140,2012-11-16,NA,NA,15,26,WA
51140,2012-11-16,NA,NA,16,35,WA
51140,2012-11-16,NA,NA,17,55,WA
51140,2012-11-16,NA,NA,18,32,WA
51140,2012-11-16,NA,NA,19,12,WA
51140,2012-11-16,NA,NA,20,4,WA
51140,2012-11-16,NA,NA,21,5,WA
51140,2012-11-16,NA,NA,22,3,WA
51140,2012-11-16,NA,NA,23,1,WA
51140,2012-11-17,NA,NA,1,1,WA
51140,2012-11-17,NA,NA,2,1,WA
51140,2012-11-17,NA,NA,4,1,WA
51140,2012-11-17,NA,NA,5,13,WA
51140,2012-11-17,NA,NA,6,51,WA
51140,2012-11-17,NA,NA,7,44,WA
51140,2012-11-17,NA,NA,8,76,WA
51140,2012-11-17,NA,NA,9,53,WA
51140,2012-11-17,NA,NA,10,41,WA
51140,2012-11-17,NA,NA,11,52,WA
51140,2012-11-17,NA,NA,12,32,WA
51140,2012-11-17,NA,NA,13,16,WA
51140,2012-11-17,NA,NA,14,11,WA
51140,2012-11-17,NA,NA,15,25,WA
51140,2012-11-17,NA,NA,16,21,WA
51140,2012-11-17,NA,NA,17,20,WA
51140,2012-11-17,NA,NA,18,9,WA
51140,2012-11-17,NA,NA,19,6,WA
51140,2012-11-17,NA,NA,20,3,WA
51140,2012-11-17,NA,NA,21,2,WA
51140,2012-11-17,NA,NA,22,3,WA
51140,2012-11-18,NA,NA,1,1,WA
51140,2012-11-18,NA,NA,3,1,WA
51140,2012-11-18,NA,NA,4,1,WA
51140,2012-11-18,NA,NA,5,5,WA
51140,2012-11-18,NA,NA,6,31,WA
51140,2012-11-18,NA,NA,7,51,WA
51140,2012-11-18,NA,NA,8,76,WA
51140,2012-11-18,NA,NA,9,61,WA
51140,2012-11-18,NA,NA,10,50,WA
51140,2012-11-18,NA,NA,11,41,WA
51140,2012-11-18,NA,NA,12,21,WA
51140,2012-11-18,NA,NA,13,22,WA
51140,2012-11-18,NA,NA,14,22,WA
51140,2012-11-18,NA,NA,15,15,WA
51140,2012-11-18,NA,NA,16,15,WA
51140,2012-11-18,NA,NA,17,13,WA
51140,2012-11-18,NA,NA,18,13,WA
51140,2012-11-18,NA,NA,19,2,WA
51140,2012-11-18,NA,NA,20,1,WA
51140,2012-11-18,NA,NA,21,2,WA
51140,2012-11-18,NA,NA,22,1,WA
51140,2012-11-18,NA,NA,23,1,WA
51140,2012-11-19,NA,NA,2,1,WA
51140,2012-11-19,NA,NA,4,2,WA
51140,2012-11-19,NA,NA,5,14,WA
51140,2012-11-19,NA,NA,6,53,WA
51140,2012-11-19,NA,NA,7,74,WA
51140,2012-11-19,NA,NA,8,49,WA
51140,2012-11-19,NA,NA,9,23,WA
51140,2012-11-19,NA,NA,10,18,WA
51140,2012-11-19,NA,NA,11,12,WA
51140,2012-11-19,NA,NA,12,11,WA
51140,2012-11-19,NA,NA,13,10,WA
51140,2012-11-19,NA,NA,14,7,WA
51140,2012-11-19,NA,NA,15,21,WA
51140,2012-11-19,NA,NA,16,31,WA
51140,2012-11-19,NA,NA,17,67,WA
51140,2012-11-19,NA,NA,18,53,WA
51140,2012-11-19,NA,NA,19,14,WA
51140,2012-11-19,NA,NA,20,8,WA
51140,2012-11-19,NA,NA,21,3,WA
51140,2012-11-19,NA,NA,23,1,WA
51140,2012-11-20,NA,NA,4,1,WA
51140,2012-11-20,NA,NA,5,24,WA
51140,2012-11-20,NA,NA,6,66,WA
51140,2012-11-20,NA,NA,7,98,WA
51140,2012-11-20,NA,NA,8,52,WA
51140,2012-11-20,NA,NA,9,16,WA
51140,2012-11-20,NA,NA,10,14,WA
51140,2012-11-20,NA,NA,11,16,WA
51140,2012-11-20,NA,NA,12,16,WA
51140,2012-11-20,NA,NA,13,9,WA
51140,2012-11-20,NA,NA,14,11,WA
51140,2012-11-20,NA,NA,15,29,WA
51140,2012-11-20,NA,NA,16,36,WA
51140,2012-11-20,NA,NA,17,62,WA
51140,2012-11-20,NA,NA,18,53,WA
51140,2012-11-20,NA,NA,19,10,WA
51140,2012-11-20,NA,NA,20,7,WA
51140,2012-11-20,NA,NA,21,1,WA
51140,2012-11-20,NA,NA,22,3,WA
51140,2012-11-21,NA,NA,0,2,WA
51140,2012-11-21,NA,NA,4,2,WA
51140,2012-11-21,NA,NA,5,23,WA
51140,2012-11-21,NA,NA,6,91,WA
51140,2012-11-21,NA,NA,7,82,WA
51140,2012-11-21,NA,NA,8,37,WA
51140,2012-11-21,NA,NA,9,17,WA
51140,2012-11-21,NA,NA,10,29,WA
51140,2012-11-21,NA,NA,11,15,WA
51140,2012-11-21,NA,NA,12,9,WA
51140,2012-11-21,NA,NA,13,9,WA
51140,2012-11-21,NA,NA,14,15,WA
51140,2012-11-21,NA,NA,15,25,WA
51140,2012-11-21,NA,NA,16,28,WA
51140,2012-11-21,NA,NA,17,68,WA
51140,2012-11-21,NA,NA,18,46,WA
51140,2012-11-21,NA,NA,19,13,WA
51140,2012-11-21,NA,NA,20,5,WA
51140,2012-11-21,NA,NA,21,3,WA
51140,2012-11-21,NA,NA,22,1,WA
51140,2012-11-21,NA,NA,23,1,WA
51140,2012-11-22,NA,NA,0,2,WA
51140,2012-11-22,NA,NA,4,1,WA
51140,2012-11-22,NA,NA,5,20,WA
51140,2012-11-22,NA,NA,6,78,WA
51140,2012-11-22,NA,NA,7,100,WA
51140,2012-11-22,NA,NA,8,42,WA
51140,2012-11-22,NA,NA,9,17,WA
51140,2012-11-22,NA,NA,10,11,WA
51140,2012-11-22,NA,NA,11,13,WA
51140,2012-11-22,NA,NA,12,9,WA
51140,2012-11-22,NA,NA,13,8,WA
51140,2012-11-22,NA,NA,14,15,WA
51140,2012-11-22,NA,NA,15,24,WA
51140,2012-11-22,NA,NA,16,34,WA
51140,2012-11-22,NA,NA,17,80,WA
51140,2012-11-22,NA,NA,18,44,WA
51140,2012-11-22,NA,NA,19,13,WA
51140,2012-11-22,NA,NA,20,11,WA
51140,2012-11-22,NA,NA,21,4,WA
51140,2012-11-22,NA,NA,22,3,WA
51140,2012-11-22,NA,NA,23,1,WA
51140,2012-11-23,NA,NA,4,1,WA
51140,2012-11-23,NA,NA,5,18,WA
51140,2012-11-23,NA,NA,6,45,WA
51140,2012-11-23,NA,NA,7,62,WA
51140,2012-11-23,NA,NA,8,44,WA
51140,2012-11-23,NA,NA,9,25,WA
51140,2012-11-23,NA,NA,10,13,WA
51140,2012-11-23,NA,NA,11,16,WA
51140,2012-11-23,NA,NA,12,11,WA
51140,2012-11-23,NA,NA,13,10,WA
51140,2012-11-23,NA,NA,14,10,WA
51140,2012-11-23,NA,NA,15,17,WA
51140,2012-11-23,NA,NA,16,25,WA
51140,2012-11-23,NA,NA,17,59,WA
51140,2012-11-23,NA,NA,18,23,WA
51140,2012-11-23,NA,NA,19,7,WA
51140,2012-11-23,NA,NA,20,4,WA
51140,2012-11-23,NA,NA,21,2,WA
51140,2012-11-23,NA,NA,22,5,WA
51140,2012-11-24,NA,NA,4,1,WA
51140,2012-11-24,NA,NA,5,9,WA
51140,2012-11-24,NA,NA,6,28,WA
51140,2012-11-24,NA,NA,7,29,WA
51140,2012-11-24,NA,NA,8,52,WA
51140,2012-11-24,NA,NA,9,47,WA
51140,2012-11-24,NA,NA,10,34,WA
51140,2012-11-24,NA,NA,11,25,WA
51140,2012-11-24,NA,NA,12,25,WA
51140,2012-11-24,NA,NA,13,15,WA
51140,2012-11-24,NA,NA,14,9,WA
51140,2012-11-24,NA,NA,15,17,WA
51140,2012-11-24,NA,NA,16,16,WA
51140,2012-11-24,NA,NA,17,15,WA
51140,2012-11-24,NA,NA,18,2,WA
51140,2012-11-24,NA,NA,19,2,WA
51140,2012-11-24,NA,NA,21,2,WA
51140,2012-11-25,NA,NA,5,4,WA
51140,2012-11-25,NA,NA,6,18,WA
51140,2012-11-25,NA,NA,7,53,WA
51140,2012-11-25,NA,NA,8,50,WA
51140,2012-11-25,NA,NA,9,61,WA
51140,2012-11-25,NA,NA,10,46,WA
51140,2012-11-25,NA,NA,11,33,WA
51140,2012-11-25,NA,NA,12,29,WA
51140,2012-11-25,NA,NA,13,20,WA
51140,2012-11-25,NA,NA,14,28,WA
51140,2012-11-25,NA,NA,15,20,WA
51140,2012-11-25,NA,NA,16,15,WA
51140,2012-11-25,NA,NA,17,15,WA
51140,2012-11-25,NA,NA,18,8,WA
51140,2012-11-25,NA,NA,19,5,WA
51140,2012-11-25,NA,NA,21,5,WA
51140,2012-11-25,NA,NA,22,2,WA
51140,2012-11-26,NA,NA,4,1,WA
51140,2012-11-26,NA,NA,5,20,WA
51140,2012-11-26,NA,NA,6,51,WA
51140,2012-11-26,NA,NA,7,67,WA
51140,2012-11-26,NA,NA,8,52,WA
51140,2012-11-26,NA,NA,9,11,WA
51140,2012-11-26,NA,NA,10,15,WA
51140,2012-11-26,NA,NA,11,10,WA
51140,2012-11-26,NA,NA,12,13,WA
51140,2012-11-26,NA,NA,13,9,WA
51140,2012-11-26,NA,NA,14,10,WA
51140,2012-11-26,NA,NA,15,20,WA
51140,2012-11-26,NA,NA,16,38,WA
51140,2012-11-26,NA,NA,17,71,WA
51140,2012-11-26,NA,NA,18,66,WA
51140,2012-11-26,NA,NA,19,8,WA
51140,2012-11-26,NA,NA,20,12,WA
51140,2012-11-26,NA,NA,21,4,WA
51140,2012-11-26,NA,NA,22,2,WA
51140,2012-11-27,NA,NA,4,1,WA
51140,2012-11-27,NA,NA,5,20,WA
51140,2012-11-27,NA,NA,6,69,WA
51140,2012-11-27,NA,NA,7,89,WA
51140,2012-11-27,NA,NA,8,39,WA
51140,2012-11-27,NA,NA,9,24,WA
51140,2012-11-27,NA,NA,10,15,WA
51140,2012-11-27,NA,NA,11,11,WA
51140,2012-11-27,NA,NA,12,10,WA
51140,2012-11-27,NA,NA,13,5,WA
51140,2012-11-27,NA,NA,14,11,WA
51140,2012-11-27,NA,NA,15,26,WA
51140,2012-11-27,NA,NA,16,41,WA
51140,2012-11-27,NA,NA,17,72,WA
51140,2012-11-27,NA,NA,18,40,WA
51140,2012-11-27,NA,NA,19,14,WA
51140,2012-11-27,NA,NA,20,9,WA
51140,2012-11-27,NA,NA,21,4,WA
51140,2012-11-27,NA,NA,22,1,WA
51140,2012-11-27,NA,NA,23,2,WA
51140,2012-11-28,NA,NA,5,7,WA
51140,2012-11-28,NA,NA,6,7,WA
51140,2012-11-28,NA,NA,7,21,WA
51140,2012-11-28,NA,NA,8,12,WA
51140,2012-11-28,NA,NA,9,8,WA
51140,2012-11-28,NA,NA,10,4,WA
51140,2012-11-28,NA,NA,11,2,WA
51140,2012-11-28,NA,NA,12,1,WA
51140,2012-11-28,NA,NA,13,1,WA
51140,2012-11-28,NA,NA,14,4,WA
51140,2012-11-28,NA,NA,15,13,WA
51140,2012-11-28,NA,NA,16,6,WA
51140,2012-11-28,NA,NA,17,8,WA
51140,2012-11-28,NA,NA,18,7,WA
51140,2012-11-28,NA,NA,19,2,WA
51140,2012-11-28,NA,NA,22,1,WA
51140,2012-11-29,NA,NA,5,4,WA
51140,2012-11-29,NA,NA,6,5,WA
51140,2012-11-29,NA,NA,7,16,WA
51140,2012-11-29,NA,NA,8,11,WA
51140,2012-11-29,NA,NA,9,4,WA
51140,2012-11-29,NA,NA,10,3,WA
51140,2012-11-29,NA,NA,11,2,WA
51140,2012-11-29,NA,NA,12,4,WA
51140,2012-11-29,NA,NA,13,2,WA
51140,2012-11-29,NA,NA,14,4,WA
51140,2012-11-29,NA,NA,15,9,WA
51140,2012-11-29,NA,NA,16,9,WA
51140,2012-11-29,NA,NA,17,19,WA
51140,2012-11-29,NA,NA,18,16,WA
51140,2012-11-29,NA,NA,19,6,WA
51140,2012-11-29,NA,NA,20,1,WA
51140,2012-11-29,NA,NA,21,1,WA
51140,2012-11-29,NA,NA,22,1,WA
51140,2012-11-30,NA,NA,5,12,WA
51140,2012-11-30,NA,NA,6,22,WA
51140,2012-11-30,NA,NA,7,25,WA
51140,2012-11-30,NA,NA,8,15,WA
51140,2012-11-30,NA,NA,9,14,WA
51140,2012-11-30,NA,NA,10,7,WA
51140,2012-11-30,NA,NA,11,16,WA
51140,2012-11-30,NA,NA,12,8,WA
51140,2012-11-30,NA,NA,13,8,WA
51140,2012-11-30,NA,NA,14,5,WA
51140,2012-11-30,NA,NA,15,16,WA
51140,2012-11-30,NA,NA,16,22,WA
51140,2012-11-30,NA,NA,17,26,WA
51140,2012-11-30,NA,NA,18,13,WA
51140,2012-11-30,NA,NA,19,5,WA
51140,2012-11-30,NA,NA,20,1,WA
51140,2012-11-30,NA,NA,22,1,WA
51140,2012-11-30,NA,NA,23,1,WA
51140,2012-12-01,NA,NA,2,1,WA
51140,2012-12-01,NA,NA,5,14,WA
51140,2012-12-01,NA,NA,6,30,WA
51140,2012-12-01,NA,NA,7,46,WA
51140,2012-12-01,NA,NA,8,46,WA
51140,2012-12-01,NA,NA,9,73,WA
51140,2012-12-01,NA,NA,10,54,WA
51140,2012-12-01,NA,NA,11,40,WA
51140,2012-12-01,NA,NA,12,26,WA
51140,2012-12-01,NA,NA,13,16,WA
51140,2012-12-01,NA,NA,14,17,WA
51140,2012-12-01,NA,NA,15,14,WA
51140,2012-12-01,NA,NA,16,22,WA
51140,2012-12-01,NA,NA,17,11,WA
51140,2012-12-01,NA,NA,18,18,WA
51140,2012-12-01,NA,NA,19,4,WA
51140,2012-12-01,NA,NA,20,6,WA
51140,2012-12-01,NA,NA,21,2,WA
51140,2012-12-01,NA,NA,22,1,WA
51140,2012-12-01,NA,NA,23,2,WA
51140,2012-12-02,NA,NA,0,1,WA
51140,2012-12-02,NA,NA,1,1,WA
51140,2012-12-02,NA,NA,5,4,WA
51140,2012-12-02,NA,NA,6,24,WA
51140,2012-12-02,NA,NA,7,32,WA
51140,2012-12-02,NA,NA,8,47,WA
51140,2012-12-02,NA,NA,9,44,WA
51140,2012-12-02,NA,NA,10,35,WA
51140,2012-12-02,NA,NA,11,33,WA
51140,2012-12-02,NA,NA,12,29,WA
51140,2012-12-02,NA,NA,13,26,WA
51140,2012-12-02,NA,NA,14,14,WA
51140,2012-12-02,NA,NA,15,16,WA
51140,2012-12-02,NA,NA,16,8,WA
51140,2012-12-02,NA,NA,17,14,WA
51140,2012-12-02,NA,NA,18,21,WA
51140,2012-12-02,NA,NA,19,9,WA
51140,2012-12-02,NA,NA,20,1,WA
51140,2012-12-02,NA,NA,22,1,WA
51140,2012-12-02,NA,NA,23,2,WA
51140,2012-12-03,NA,NA,4,1,WA
51140,2012-12-03,NA,NA,5,10,WA
51140,2012-12-03,NA,NA,6,56,WA
51140,2012-12-03,NA,NA,7,74,WA
51140,2012-12-03,NA,NA,8,42,WA
51140,2012-12-03,NA,NA,9,25,WA
51140,2012-12-03,NA,NA,10,17,WA
51140,2012-12-03,NA,NA,11,12,WA
51140,2012-12-03,NA,NA,12,9,WA
51140,2012-12-03,NA,NA,13,9,WA
51140,2012-12-03,NA,NA,14,11,WA
51140,2012-12-03,NA,NA,15,19,WA
51140,2012-12-03,NA,NA,16,28,WA
51140,2012-12-03,NA,NA,17,73,WA
51140,2012-12-03,NA,NA,18,53,WA
51140,2012-12-03,NA,NA,19,22,WA
51140,2012-12-03,NA,NA,20,10,WA
51140,2012-12-03,NA,NA,21,6,WA
51140,2012-12-03,NA,NA,22,2,WA
51140,2012-12-03,NA,NA,23,1,WA
51140,2012-12-04,NA,NA,4,1,WA
51140,2012-12-04,NA,NA,5,20,WA
51140,2012-12-04,NA,NA,6,51,WA
51140,2012-12-04,NA,NA,7,81,WA
51140,2012-12-04,NA,NA,8,36,WA
51140,2012-12-04,NA,NA,9,19,WA
51140,2012-12-04,NA,NA,10,11,WA
51140,2012-12-04,NA,NA,11,4,WA
51140,2012-12-04,NA,NA,12,11,WA
51140,2012-12-04,NA,NA,13,12,WA
51140,2012-12-04,NA,NA,14,8,WA
51140,2012-12-04,NA,NA,15,18,WA
51140,2012-12-04,NA,NA,16,26,WA
51140,2012-12-04,NA,NA,17,62,WA
51140,2012-12-04,NA,NA,18,48,WA
51140,2012-12-04,NA,NA,19,18,WA
51140,2012-12-04,NA,NA,20,4,WA
51140,2012-12-04,NA,NA,21,4,WA
51140,2012-12-04,NA,NA,22,6,WA
51140,2012-12-05,NA,NA,4,1,WA
51140,2012-12-05,NA,NA,5,20,WA
51140,2012-12-05,NA,NA,6,53,WA
51140,2012-12-05,NA,NA,7,78,WA
51140,2012-12-05,NA,NA,8,21,WA
51140,2012-12-05,NA,NA,9,14,WA
51140,2012-12-05,NA,NA,10,13,WA
51140,2012-12-05,NA,NA,11,12,WA
51140,2012-12-05,NA,NA,12,3,WA
51140,2012-12-05,NA,NA,13,2,WA
51140,2012-12-05,NA,NA,14,7,WA
51140,2012-12-05,NA,NA,15,15,WA
51140,2012-12-05,NA,NA,16,19,WA
51140,2012-12-05,NA,NA,17,49,WA
51140,2012-12-05,NA,NA,18,35,WA
51140,2012-12-05,NA,NA,19,10,WA
51140,2012-12-05,NA,NA,20,5,WA
51140,2012-12-05,NA,NA,21,4,WA
51140,2012-12-05,NA,NA,22,3,WA
51140,2012-12-05,NA,NA,23,1,WA
51140,2012-12-06,NA,NA,5,22,WA
51140,2012-12-06,NA,NA,6,43,WA
51140,2012-12-06,NA,NA,7,69,WA
51140,2012-12-06,NA,NA,8,32,WA
51140,2012-12-06,NA,NA,9,16,WA
51140,2012-12-06,NA,NA,10,8,WA
51140,2012-12-06,NA,NA,11,5,WA
51140,2012-12-06,NA,NA,12,15,WA
51140,2012-12-06,NA,NA,13,11,WA
51140,2012-12-06,NA,NA,14,8,WA
51140,2012-12-06,NA,NA,15,16,WA
51140,2012-12-06,NA,NA,16,32,WA
51140,2012-12-06,NA,NA,17,49,WA
51140,2012-12-06,NA,NA,18,42,WA
51140,2012-12-06,NA,NA,19,12,WA
51140,2012-12-06,NA,NA,20,11,WA
51140,2012-12-06,NA,NA,21,1,WA
51140,2012-12-06,NA,NA,22,3,WA
51140,2012-12-06,NA,NA,23,1,WA
51140,2012-12-07,NA,NA,1,1,WA
51140,2012-12-07,NA,NA,5,13,WA
51140,2012-12-07,NA,NA,6,21,WA
51140,2012-12-07,NA,NA,7,40,WA
51140,2012-12-07,NA,NA,8,12,WA
51140,2012-12-07,NA,NA,9,17,WA
51140,2012-12-07,NA,NA,10,10,WA
51140,2012-12-07,NA,NA,11,11,WA
51140,2012-12-07,NA,NA,12,12,WA
51140,2012-12-07,NA,NA,13,3,WA
51140,2012-12-07,NA,NA,14,5,WA
51140,2012-12-07,NA,NA,15,12,WA
51140,2012-12-07,NA,NA,16,17,WA
51140,2012-12-07,NA,NA,17,31,WA
51140,2012-12-07,NA,NA,18,19,WA
51140,2012-12-07,NA,NA,19,14,WA
51140,2012-12-07,NA,NA,20,6,WA
51140,2012-12-07,NA,NA,22,2,WA
51140,2012-12-07,NA,NA,23,2,WA
51140,2012-12-08,NA,NA,0,1,WA
51140,2012-12-08,NA,NA,1,2,WA
51140,2012-12-08,NA,NA,5,13,WA
51140,2012-12-08,NA,NA,6,27,WA
51140,2012-12-08,NA,NA,7,42,WA
51140,2012-12-08,NA,NA,8,55,WA
51140,2012-12-08,NA,NA,9,44,WA
51140,2012-12-08,NA,NA,10,36,WA
51140,2012-12-08,NA,NA,11,23,WA
51140,2012-12-08,NA,NA,12,36,WA
51140,2012-12-08,NA,NA,13,24,WA
51140,2012-12-08,NA,NA,14,10,WA
51140,2012-12-08,NA,NA,15,16,WA
51140,2012-12-08,NA,NA,16,15,WA
51140,2012-12-08,NA,NA,17,20,WA
51140,2012-12-08,NA,NA,18,9,WA
51140,2012-12-08,NA,NA,19,5,WA
51140,2012-12-08,NA,NA,20,2,WA
51140,2012-12-08,NA,NA,21,1,WA
51140,2012-12-08,NA,NA,22,1,WA
51140,2012-12-08,NA,NA,23,2,WA
51140,2012-12-09,NA,NA,0,3,WA
51140,2012-12-09,NA,NA,1,3,WA
51140,2012-12-09,NA,NA,5,4,WA
51140,2012-12-09,NA,NA,6,45,WA
51140,2012-12-09,NA,NA,7,46,WA
51140,2012-12-09,NA,NA,8,51,WA
51140,2012-12-09,NA,NA,9,70,WA
51140,2012-12-09,NA,NA,10,37,WA
51140,2012-12-09,NA,NA,11,38,WA
51140,2012-12-09,NA,NA,12,37,WA
51140,2012-12-09,NA,NA,13,18,WA
51140,2012-12-09,NA,NA,14,18,WA
51140,2012-12-09,NA,NA,15,15,WA
51140,2012-12-09,NA,NA,16,18,WA
51140,2012-12-09,NA,NA,17,19,WA
51140,2012-12-09,NA,NA,18,12,WA
51140,2012-12-09,NA,NA,19,7,WA
51140,2012-12-09,NA,NA,20,2,WA
51140,2012-12-09,NA,NA,21,1,WA
51140,2012-12-09,NA,NA,22,4,WA
51140,2012-12-10,NA,NA,4,1,WA
51140,2012-12-10,NA,NA,5,8,WA
51140,2012-12-10,NA,NA,6,53,WA
51140,2012-12-10,NA,NA,7,56,WA
51140,2012-12-10,NA,NA,8,37,WA
51140,2012-12-10,NA,NA,9,30,WA
51140,2012-12-10,NA,NA,10,14,WA
51140,2012-12-10,NA,NA,11,8,WA
51140,2012-12-10,NA,NA,12,12,WA
51140,2012-12-10,NA,NA,13,8,WA
51140,2012-12-10,NA,NA,14,8,WA
51140,2012-12-10,NA,NA,15,20,WA
51140,2012-12-10,NA,NA,16,31,WA
51140,2012-12-10,NA,NA,17,71,WA
51140,2012-12-10,NA,NA,18,46,WA
51140,2012-12-10,NA,NA,19,13,WA
51140,2012-12-10,NA,NA,20,2,WA
51140,2012-12-10,NA,NA,21,8,WA
51140,2012-12-11,NA,NA,0,1,WA
51140,2012-12-11,NA,NA,4,1,WA
51140,2012-12-11,NA,NA,5,22,WA
51140,2012-12-11,NA,NA,6,61,WA
51140,2012-12-11,NA,NA,7,94,WA
51140,2012-12-11,NA,NA,8,36,WA
51140,2012-12-11,NA,NA,9,10,WA
51140,2012-12-11,NA,NA,10,8,WA
51140,2012-12-11,NA,NA,11,7,WA
51140,2012-12-11,NA,NA,12,6,WA
51140,2012-12-11,NA,NA,13,5,WA
51140,2012-12-11,NA,NA,14,9,WA
51140,2012-12-11,NA,NA,15,17,WA
51140,2012-12-11,NA,NA,16,35,WA
51140,2012-12-11,NA,NA,17,55,WA
51140,2012-12-11,NA,NA,18,48,WA
51140,2012-12-11,NA,NA,19,11,WA
51140,2012-12-11,NA,NA,20,5,WA
51140,2012-12-11,NA,NA,21,5,WA
51140,2012-12-11,NA,NA,22,2,WA
51140,2012-12-11,NA,NA,23,1,WA
51140,2012-12-12,NA,NA,0,1,WA
51140,2012-12-12,NA,NA,5,12,WA
51140,2012-12-12,NA,NA,6,49,WA
51140,2012-12-12,NA,NA,7,59,WA
51140,2012-12-12,NA,NA,8,26,WA
51140,2012-12-12,NA,NA,9,3,WA
51140,2012-12-12,NA,NA,10,3,WA
51140,2012-12-12,NA,NA,11,6,WA
51140,2012-12-12,NA,NA,12,6,WA
51140,2012-12-12,NA,NA,13,3,WA
51140,2012-12-12,NA,NA,14,3,WA
51140,2012-12-12,NA,NA,15,10,WA
51140,2012-12-12,NA,NA,16,16,WA
51140,2012-12-12,NA,NA,17,29,WA
51140,2012-12-12,NA,NA,18,24,WA
51140,2012-12-12,NA,NA,19,5,WA
51140,2012-12-12,NA,NA,20,3,WA
51140,2012-12-12,NA,NA,21,1,WA
51140,2012-12-12,NA,NA,22,1,WA
51140,2012-12-12,NA,NA,23,2,WA
51140,2012-12-13,NA,NA,5,9,WA
51140,2012-12-13,NA,NA,6,18,WA
51140,2012-12-13,NA,NA,7,44,WA
51140,2012-12-13,NA,NA,8,24,WA
51140,2012-12-13,NA,NA,9,18,WA
51140,2012-12-13,NA,NA,10,15,WA
51140,2012-12-13,NA,NA,11,12,WA
51140,2012-12-13,NA,NA,12,11,WA
51140,2012-12-13,NA,NA,13,8,WA
51140,2012-12-13,NA,NA,14,6,WA
51140,2012-12-13,NA,NA,15,25,WA
51140,2012-12-13,NA,NA,16,23,WA
51140,2012-12-13,NA,NA,17,37,WA
51140,2012-12-13,NA,NA,18,27,WA
51140,2012-12-13,NA,NA,19,12,WA
51140,2012-12-13,NA,NA,20,5,WA
51140,2012-12-13,NA,NA,21,3,WA
51140,2012-12-13,NA,NA,22,3,WA
51140,2012-12-13,NA,NA,23,2,WA
51140,2012-12-14,NA,NA,0,2,WA
51140,2012-12-14,NA,NA,2,1,WA
51140,2012-12-14,NA,NA,4,2,WA
51140,2012-12-14,NA,NA,5,14,WA
51140,2012-12-14,NA,NA,6,36,WA
51140,2012-12-14,NA,NA,7,55,WA
51140,2012-12-14,NA,NA,8,38,WA
51140,2012-12-14,NA,NA,9,31,WA
51140,2012-12-14,NA,NA,10,16,WA
51140,2012-12-14,NA,NA,11,13,WA
51140,2012-12-14,NA,NA,12,5,WA
51140,2012-12-14,NA,NA,13,8,WA
51140,2012-12-14,NA,NA,14,20,WA
51140,2012-12-14,NA,NA,15,17,WA
51140,2012-12-14,NA,NA,16,15,WA
51140,2012-12-14,NA,NA,17,46,WA
51140,2012-12-14,NA,NA,18,20,WA
51140,2012-12-14,NA,NA,19,7,WA
51140,2012-12-14,NA,NA,20,2,WA
51140,2012-12-14,NA,NA,21,3,WA
51140,2012-12-14,NA,NA,22,3,WA
51140,2012-12-14,NA,NA,23,1,WA
51140,2012-12-15,NA,NA,2,1,WA
51140,2012-12-15,NA,NA,5,10,WA
51140,2012-12-15,NA,NA,6,39,WA
51140,2012-12-15,NA,NA,7,53,WA
51140,2012-12-15,NA,NA,8,56,WA
51140,2012-12-15,NA,NA,9,65,WA
51140,2012-12-15,NA,NA,10,35,WA
51140,2012-12-15,NA,NA,11,26,WA
51140,2012-12-15,NA,NA,12,32,WA
51140,2012-12-15,NA,NA,13,27,WA
51140,2012-12-15,NA,NA,14,20,WA
51140,2012-12-15,NA,NA,15,16,WA
51140,2012-12-15,NA,NA,16,19,WA
51140,2012-12-15,NA,NA,17,22,WA
51140,2012-12-15,NA,NA,18,9,WA
51140,2012-12-15,NA,NA,19,5,WA
51140,2012-12-15,NA,NA,20,4,WA
51140,2012-12-15,NA,NA,21,4,WA
51140,2012-12-15,NA,NA,22,2,WA
51140,2012-12-16,NA,NA,1,2,WA
51140,2012-12-16,NA,NA,3,1,WA
51140,2012-12-16,NA,NA,5,6,WA
51140,2012-12-16,NA,NA,6,24,WA
51140,2012-12-16,NA,NA,7,68,WA
51140,2012-12-16,NA,NA,8,79,WA
51140,2012-12-16,NA,NA,9,62,WA
51140,2012-12-16,NA,NA,10,55,WA
51140,2012-12-16,NA,NA,11,44,WA
51140,2012-12-16,NA,NA,12,22,WA
51140,2012-12-16,NA,NA,13,7,WA
51140,2012-12-16,NA,NA,14,17,WA
51140,2012-12-16,NA,NA,15,20,WA
51140,2012-12-16,NA,NA,16,13,WA
51140,2012-12-16,NA,NA,17,12,WA
51140,2012-12-16,NA,NA,18,4,WA
51140,2012-12-16,NA,NA,19,5,WA
51140,2012-12-16,NA,NA,20,7,WA
51140,2012-12-16,NA,NA,22,2,WA
51140,2012-12-16,NA,NA,23,3,WA
51140,2012-12-17,NA,NA,0,1,WA
51140,2012-12-17,NA,NA,2,1,WA
51140,2012-12-17,NA,NA,4,1,WA
51140,2012-12-17,NA,NA,5,10,WA
51140,2012-12-17,NA,NA,6,46,WA
51140,2012-12-17,NA,NA,7,74,WA
51140,2012-12-17,NA,NA,8,23,WA
51140,2012-12-17,NA,NA,9,21,WA
51140,2012-12-17,NA,NA,10,15,WA
51140,2012-12-17,NA,NA,11,7,WA
51140,2012-12-17,NA,NA,12,11,WA
51140,2012-12-17,NA,NA,13,9,WA
51140,2012-12-17,NA,NA,14,20,WA
51140,2012-12-17,NA,NA,15,20,WA
51140,2012-12-17,NA,NA,16,29,WA
51140,2012-12-17,NA,NA,17,60,WA
51140,2012-12-17,NA,NA,18,56,WA
51140,2012-12-17,NA,NA,19,18,WA
51140,2012-12-17,NA,NA,20,5,WA
51140,2012-12-17,NA,NA,21,2,WA
51140,2012-12-17,NA,NA,22,1,WA
51140,2012-12-18,NA,NA,0,1,WA
51140,2012-12-18,NA,NA,1,1,WA
51140,2012-12-18,NA,NA,2,2,WA
51140,2012-12-18,NA,NA,4,2,WA
51140,2012-12-18,NA,NA,5,22,WA
51140,2012-12-18,NA,NA,6,54,WA
51140,2012-12-18,NA,NA,7,64,WA
51140,2012-12-18,NA,NA,8,33,WA
51140,2012-12-18,NA,NA,9,15,WA
51140,2012-12-18,NA,NA,10,9,WA
51140,2012-12-18,NA,NA,11,17,WA
51140,2012-12-18,NA,NA,12,12,WA
51140,2012-12-18,NA,NA,13,13,WA
51140,2012-12-18,NA,NA,14,13,WA
51140,2012-12-18,NA,NA,15,20,WA
51140,2012-12-18,NA,NA,16,34,WA
51140,2012-12-18,NA,NA,17,63,WA
51140,2012-12-18,NA,NA,18,37,WA
51140,2012-12-18,NA,NA,19,8,WA
51140,2012-12-18,NA,NA,20,6,WA
51140,2012-12-18,NA,NA,22,3,WA
51140,2012-12-19,NA,1,0,1,WA
51140,2012-12-19,NA,1,1,2,WA
51140,2012-12-19,NA,1,4,3,WA
51140,2012-12-19,NA,1,5,18,WA
51140,2012-12-19,NA,1,6,56,WA
51140,2012-12-19,NA,1,7,71,WA
51140,2012-12-19,NA,1,8,40,WA
51140,2012-12-19,NA,1,9,24,WA
51140,2012-12-19,NA,1,10,23,WA
51140,2012-12-19,NA,1,11,19,WA
51140,2012-12-19,NA,1,12,7,WA
51140,2012-12-19,NA,1,13,11,WA
51140,2012-12-19,NA,1,14,16,WA
51140,2012-12-19,NA,1,15,15,WA
51140,2012-12-19,NA,1,16,40,WA
51140,2012-12-19,NA,1,17,55,WA
51140,2012-12-19,NA,1,18,29,WA
51140,2012-12-19,NA,1,19,14,WA
51140,2012-12-19,NA,1,20,1,WA
51140,2012-12-19,NA,1,21,2,WA
51140,2012-12-19,NA,1,22,1,WA
51140,2012-12-19,NA,1,23,1,WA
51140,2012-12-20,NA,1,4,1,WA
51140,2012-12-20,NA,1,5,18,WA
51140,2012-12-20,NA,1,6,47,WA
51140,2012-12-20,NA,1,7,67,WA
51140,2012-12-20,NA,1,8,41,WA
51140,2012-12-20,NA,1,9,16,WA
51140,2012-12-20,NA,1,10,13,WA
51140,2012-12-20,NA,1,11,10,WA
51140,2012-12-20,NA,1,12,13,WA
51140,2012-12-20,NA,1,13,9,WA
51140,2012-12-20,NA,1,14,11,WA
51140,2012-12-20,NA,1,15,8,WA
51140,2012-12-20,NA,1,16,26,WA
51140,2012-12-20,NA,1,17,47,WA
51140,2012-12-20,NA,1,18,34,WA
51140,2012-12-20,NA,1,19,15,WA
51140,2012-12-20,NA,1,20,6,WA
51140,2012-12-20,NA,1,21,5,WA
51140,2012-12-20,NA,1,22,1,WA
51140,2012-12-21,NA,1,0,3,WA
51140,2012-12-21,NA,1,1,1,WA
51140,2012-12-21,NA,1,2,1,WA
51140,2012-12-21,NA,1,5,11,WA
51140,2012-12-21,NA,1,6,29,WA
51140,2012-12-21,NA,1,7,43,WA
51140,2012-12-21,NA,1,8,37,WA
51140,2012-12-21,NA,1,9,34,WA
51140,2012-12-21,NA,1,10,12,WA
51140,2012-12-21,NA,1,11,13,WA
51140,2012-12-21,NA,1,12,11,WA
51140,2012-12-21,NA,1,13,4,WA
51140,2012-12-21,NA,1,14,4,WA
51140,2012-12-21,NA,1,15,23,WA
51140,2012-12-21,NA,1,16,21,WA
51140,2012-12-21,NA,1,17,23,WA
51140,2012-12-21,NA,1,18,14,WA
51140,2012-12-21,NA,1,19,3,WA
51140,2012-12-21,NA,1,20,3,WA
51140,2012-12-21,NA,1,22,1,WA
51140,2012-12-21,NA,1,23,1,WA
51140,2012-12-22,NA,1,0,1,WA
51140,2012-12-22,NA,1,4,1,WA
51140,2012-12-22,NA,1,5,9,WA
51140,2012-12-22,NA,1,6,43,WA
51140,2012-12-22,NA,1,7,38,WA
51140,2012-12-22,NA,1,8,43,WA
51140,2012-12-22,NA,1,9,43,WA
51140,2012-12-22,NA,1,10,32,WA
51140,2012-12-22,NA,1,11,32,WA
51140,2012-12-22,NA,1,12,13,WA
51140,2012-12-22,NA,1,13,12,WA
51140,2012-12-22,NA,1,14,13,WA
51140,2012-12-22,NA,1,15,11,WA
51140,2012-12-22,NA,1,16,14,WA
51140,2012-12-22,NA,1,17,23,WA
51140,2012-12-22,NA,1,18,20,WA
51140,2012-12-22,NA,1,19,5,WA
51140,2012-12-22,NA,1,20,3,WA
51140,2012-12-23,NA,1,0,1,WA
51140,2012-12-23,NA,1,1,3,WA
51140,2012-12-23,NA,1,5,5,WA
51140,2012-12-23,NA,1,6,36,WA
51140,2012-12-23,NA,1,7,39,WA
51140,2012-12-23,NA,1,8,48,WA
51140,2012-12-23,NA,1,9,42,WA
51140,2012-12-23,NA,1,10,38,WA
51140,2012-12-23,NA,1,11,18,WA
51140,2012-12-23,NA,1,12,17,WA
51140,2012-12-23,NA,1,13,16,WA
51140,2012-12-23,NA,1,14,10,WA
51140,2012-12-23,NA,1,15,23,WA
51140,2012-12-23,NA,1,16,17,WA
51140,2012-12-23,NA,1,17,18,WA
51140,2012-12-23,NA,1,18,8,WA
51140,2012-12-23,NA,1,19,7,WA
51140,2012-12-23,NA,1,20,2,WA
51140,2012-12-23,NA,1,21,1,WA
51140,2012-12-23,NA,1,22,2,WA
51140,2012-12-23,NA,1,23,2,WA
51140,2012-12-24,NA,1,5,5,WA
51140,2012-12-24,NA,1,6,34,WA
51140,2012-12-24,NA,1,7,57,WA
51140,2012-12-24,NA,1,8,42,WA
51140,2012-12-24,NA,1,9,32,WA
51140,2012-12-24,NA,1,10,31,WA
51140,2012-12-24,NA,1,11,12,WA
51140,2012-12-24,NA,1,12,20,WA
51140,2012-12-24,NA,1,13,16,WA
51140,2012-12-24,NA,1,14,9,WA
51140,2012-12-24,NA,1,15,24,WA
51140,2012-12-24,NA,1,16,14,WA
51140,2012-12-24,NA,1,17,22,WA
51140,2012-12-24,NA,1,18,7,WA
51140,2012-12-24,NA,1,19,6,WA
51140,2012-12-24,NA,1,20,7,WA
51140,2012-12-24,NA,1,21,2,WA
51140,2012-12-24,NA,1,22,5,WA
51140,2012-12-24,NA,1,23,1,WA
51140,2012-12-25,1,1,0,2,WA
51140,2012-12-25,1,1,1,1,WA
51140,2012-12-25,1,1,5,5,WA
51140,2012-12-25,1,1,6,9,WA
51140,2012-12-25,1,1,7,17,WA
51140,2012-12-25,1,1,8,17,WA
51140,2012-12-25,1,1,9,14,WA
51140,2012-12-25,1,1,10,4,WA
51140,2012-12-25,1,1,11,9,WA
51140,2012-12-25,1,1,12,5,WA
51140,2012-12-25,1,1,13,5,WA
51140,2012-12-25,1,1,14,3,WA
51140,2012-12-25,1,1,15,5,WA
51140,2012-12-25,1,1,16,4,WA
51140,2012-12-25,1,1,17,9,WA
51140,2012-12-25,1,1,18,3,WA
51140,2012-12-25,1,1,19,3,WA
51140,2012-12-25,1,1,20,2,WA
51140,2012-12-25,1,1,21,1,WA
51140,2012-12-26,1,1,1,2,WA
51140,2012-12-26,1,1,5,8,WA
51140,2012-12-26,1,1,6,29,WA
51140,2012-12-26,1,1,7,41,WA
51140,2012-12-26,1,1,8,57,WA
51140,2012-12-26,1,1,9,22,WA
51140,2012-12-26,1,1,10,26,WA
51140,2012-12-26,1,1,11,25,WA
51140,2012-12-26,1,1,12,12,WA
51140,2012-12-26,1,1,13,3,WA
51140,2012-12-26,1,1,14,10,WA
51140,2012-12-26,1,1,15,11,WA
51140,2012-12-26,1,1,16,20,WA
51140,2012-12-26,1,1,17,18,WA
51140,2012-12-26,1,1,18,9,WA
51140,2012-12-26,1,1,19,8,WA
51140,2012-12-26,1,1,20,3,WA
51140,2012-12-26,1,1,21,1,WA
51140,2012-12-26,1,1,22,5,WA
51140,2012-12-27,NA,1,5,11,WA
51140,2012-12-27,NA,1,6,38,WA
51140,2012-12-27,NA,1,7,52,WA
51140,2012-12-27,NA,1,8,40,WA
51140,2012-12-27,NA,1,9,20,WA
51140,2012-12-27,NA,1,10,20,WA
51140,2012-12-27,NA,1,11,13,WA
51140,2012-12-27,NA,1,12,7,WA
51140,2012-12-27,NA,1,13,4,WA
51140,2012-12-27,NA,1,14,8,WA
51140,2012-12-27,NA,1,15,10,WA
51140,2012-12-27,NA,1,16,20,WA
51140,2012-12-27,NA,1,17,29,WA
51140,2012-12-27,NA,1,18,14,WA
51140,2012-12-27,NA,1,19,18,WA
51140,2012-12-27,NA,1,20,7,WA
51140,2012-12-27,NA,1,21,5,WA
51140,2012-12-27,NA,1,22,3,WA
51140,2012-12-27,NA,1,23,1,WA
51140,2012-12-28,NA,1,0,3,WA
51140,2012-12-28,NA,1,1,1,WA
51140,2012-12-28,NA,1,2,3,WA
51140,2012-12-28,NA,1,5,9,WA
51140,2012-12-28,NA,1,6,38,WA
51140,2012-12-28,NA,1,7,43,WA
51140,2012-12-28,NA,1,8,51,WA
51140,2012-12-28,NA,1,9,42,WA
51140,2012-12-28,NA,1,10,17,WA
51140,2012-12-28,NA,1,11,7,WA
51140,2012-12-28,NA,1,12,5,WA
51140,2012-12-28,NA,1,13,5,WA
51140,2012-12-28,NA,1,14,6,WA
51140,2012-12-28,NA,1,15,12,WA
51140,2012-12-28,NA,1,16,24,WA
51140,2012-12-28,NA,1,17,17,WA
51140,2012-12-28,NA,1,18,12,WA
51140,2012-12-28,NA,1,19,6,WA
51140,2012-12-28,NA,1,20,2,WA
51140,2012-12-28,NA,1,21,3,WA
51140,2012-12-28,NA,1,22,3,WA
51140,2012-12-28,NA,1,23,1,WA
51140,2012-12-29,NA,1,1,1,WA
51140,2012-12-29,NA,1,2,1,WA
51140,2012-12-29,NA,1,4,1,WA
51140,2012-12-29,NA,1,5,8,WA
51140,2012-12-29,NA,1,6,35,WA
51140,2012-12-29,NA,1,7,45,WA
51140,2012-12-29,NA,1,8,30,WA
51140,2012-12-29,NA,1,9,29,WA
51140,2012-12-29,NA,1,10,18,WA
51140,2012-12-29,NA,1,11,5,WA
51140,2012-12-29,NA,1,12,7,WA
51140,2012-12-29,NA,1,13,4,WA
51140,2012-12-29,NA,1,14,7,WA
51140,2012-12-29,NA,1,15,3,WA
51140,2012-12-29,NA,1,16,11,WA
51140,2012-12-29,NA,1,17,15,WA
51140,2012-12-29,NA,1,18,5,WA
51140,2012-12-29,NA,1,19,5,WA
51140,2012-12-29,NA,1,21,4,WA
51140,2012-12-29,NA,1,22,2,WA
51140,2012-12-30,NA,1,2,1,WA
51140,2012-12-30,NA,1,5,11,WA
51140,2012-12-30,NA,1,6,44,WA
51140,2012-12-30,NA,1,7,49,WA
51140,2012-12-30,NA,1,8,46,WA
51140,2012-12-30,NA,1,9,38,WA
51140,2012-12-30,NA,1,10,26,WA
51140,2012-12-30,NA,1,11,9,WA
51140,2012-12-30,NA,1,12,9,WA
51140,2012-12-30,NA,1,13,6,WA
51140,2012-12-30,NA,1,14,3,WA
51140,2012-12-30,NA,1,15,6,WA
51140,2012-12-30,NA,1,16,6,WA
51140,2012-12-30,NA,1,17,13,WA
51140,2012-12-30,NA,1,18,24,WA
51140,2012-12-30,NA,1,19,7,WA
51140,2012-12-30,NA,1,20,4,WA
51140,2012-12-30,NA,1,21,1,WA
51140,2012-12-30,NA,1,22,2,WA
51140,2012-12-30,NA,1,23,3,WA
51140,2012-12-31,NA,1,0,2,WA
51140,2012-12-31,NA,1,5,7,WA
51140,2012-12-31,NA,1,6,33,WA
51140,2012-12-31,NA,1,7,45,WA
51140,2012-12-31,NA,1,8,42,WA
51140,2012-12-31,NA,1,9,17,WA
51140,2012-12-31,NA,1,10,15,WA
51140,2012-12-31,NA,1,11,10,WA
51140,2012-12-31,NA,1,12,6,WA
51140,2012-12-31,NA,1,13,9,WA
51140,2012-12-31,NA,1,14,5,WA
51140,2012-12-31,NA,1,15,8,WA
51140,2012-12-31,NA,1,16,9,WA
51140,2012-12-31,NA,1,17,17,WA
51140,2012-12-31,NA,1,18,12,WA
51140,2012-12-31,NA,1,19,5,WA
51140,2012-12-31,NA,1,20,6,WA
51140,2012-12-31,NA,1,21,7,WA
